name,games_played,player_efficiency_rating,true_shooting_percentage,three_point_attempt_rate,free_throw_attempt_rate,offensive_rebound_percentage,defensive_rebound_percentage,total_rebound_percentage,assist_percentage,steal_percentage,block_percentage,turnover_percentage,usage_percentage,offensive_win_shares,defensive_win_shares,win_shares,win_shares_per_48_minutes,offensive_box_plus_minus,defensive_box_plus_minus,box_plus_minus,value_over_replacement_player
Mahmoud Abdul-Rauf,31,10.5,0.405,0.114,0.059,1.2,6.7,3.9,19.7,1.6,0.1,6.4,25.1,-0.5,0.2,-0.3,-0.025,-3.2,-1.5,-4.7,-0.4
Tariq Abdul-Wahad,59,10.1,0.456,0.053,0.35,5.0,8.6,6.7,8.9,1.9,0.9,13.6,22.1,-0.8,0.6,-0.2,-0.008,-3.6,-1.2,-4.8,-0.7
Shareef Abdur-Rahim,82,21.1,0.562,0.038,0.475,8.9,13.8,11.3,13.5,1.6,1.8,13.6,28.4,6.3,0.6,6.9,0.113,3.4,-1.8,1.6,2.6
Cory Alexander,37,11.1,0.512,0.441,0.255,1.7,8.7,5.4,23.2,2.7,0.7,22.6,19.5,-0.2,0.8,0.7,0.065,-2.3,1.1,-1.2,0.1
Cory Alexander,23,17.8,0.569,0.439,0.255,1.4,13.5,7.3,32.1,3.0,0.6,18.6,19.9,1.2,0.3,1.5,0.091,2.1,-0.6,1.5,0.7
Ray Allen,82,16.2,0.539,0.28,0.297,4.7,10.4,7.5,19.3,1.8,0.3,15.0,24.3,4.7,2.3,7.0,0.102,1.9,-0.9,1.0,2.5
Derek Anderson,66,15.3,0.531,0.143,0.538,3.7,8.7,6.2,21.3,2.5,0.5,15.0,21.4,2.6,2.8,5.3,0.139,0.3,1.4,1.7,1.7
Greg Anderson,50,10.4,0.444,0.062,0.506,12.0,22.6,17.4,5.9,2.6,1.8,14.7,13.5,0.0,0.7,0.7,0.09,-4.3,0.9,-3.4,-0.1
Kenny Anderson,45,13.3,0.48,0.252,0.275,3.0,7.5,5.3,28.3,2.2,0.0,16.2,21.7,0.8,1.6,2.3,0.076,-0.2,0.0,-0.2,0.7
Kenny Anderson,16,20.4,0.531,0.184,0.333,0.8,12.0,5.9,43.4,3.5,0.0,14.7,22.1,1.0,0.4,1.4,0.171,2.1,0.2,2.4,0.4
Nick Anderson,58,19.6,0.529,0.284,0.264,6.6,14.1,10.3,14.1,2.3,1.0,9.2,25.0,3.1,2.1,5.3,0.149,4.0,0.7,4.8,2.9
Shandon Anderson,82,15.7,0.586,0.064,0.37,7.1,10.3,8.8,9.4,2.2,0.8,13.5,19.5,2.9,1.4,4.2,0.127,0.8,-0.1,0.7,1.1
Chris Anstey,41,13.2,0.455,0.069,0.32,8.5,17.4,12.8,8.7,2.4,2.8,13.5,20.5,-0.2,0.9,0.6,0.044,-3.4,0.6,-2.8,-0.1
Greg Anthony,80,16.8,0.545,0.456,0.229,2.1,10.7,6.5,32.1,3.4,0.2,19.1,21.6,1.4,1.3,2.7,0.127,1.8,0.8,2.5,1.2
B.J. Armstrong,4,6.3,0.385,0.053,0.368,7.0,5.6,6.3,16.5,3.6,0.0,24.1,21.5,-0.2,0.1,-0.1,-0.092,-6.7,0.3,-6.4,-0.1
B.J. Armstrong,62,15.2,0.573,0.175,0.222,1.9,8.8,5.4,30.0,1.7,0.0,14.1,14.9,1.8,0.5,2.3,0.141,0.5,0.1,0.6,0.5
Darrell Armstrong,48,15.7,0.509,0.179,0.324,6.1,9.2,7.6,33.4,2.6,0.3,20.5,20.2,1.2,1.3,2.5,0.096,1.0,0.2,1.1,1.0
Vincent Askew,30,6.7,0.464,0.037,0.722,5.7,11.9,8.9,12.5,2.3,0.8,33.0,10.9,-0.4,0.6,0.2,0.023,-4.1,2.0,-2.1,0.0
Keith Askins,46,5.5,0.426,0.607,0.156,5.0,12.2,8.7,6.4,2.2,1.3,16.6,10.7,-0.3,1.0,0.7,0.05,-4.2,1.9,-2.3,0.0
Stacey Augmon,71,10.3,0.457,0.019,0.419,8.7,10.2,9.5,9.8,2.1,1.6,15.5,16.3,-0.1,1.9,1.8,0.059,-2.5,0.9,-1.6,0.2
Isaac Austin,52,16.8,0.521,0.006,0.429,10.5,17.5,14.1,11.8,1.7,1.8,15.6,25.5,1.1,2.2,3.2,0.113,-0.4,-0.1,-0.5,0.5
Isaac Austin,26,15.6,0.497,0.015,0.398,10.1,18.9,14.4,17.3,1.0,1.6,18.3,24.2,0.1,0.3,0.4,0.022,-0.6,-2.1,-2.6,-0.1
Vin Baker,82,20.4,0.564,0.006,0.452,11.8,14.8,13.3,9.3,1.7,2.2,11.1,24.7,6.9,3.5,10.4,0.169,1.9,-0.9,1.0,2.2
Charles Barkley,68,21.6,0.564,0.113,0.534,12.9,28.8,20.9,16.6,1.7,0.9,13.8,21.6,6.1,2.5,8.6,0.183,3.2,-0.4,2.8,2.7
Dana Barros,80,18.6,0.583,0.404,0.236,1.8,9.6,5.3,28.4,2.5,0.3,13.7,20.0,4.4,1.3,5.6,0.16,3.5,0.0,3.5,2.3
Brent Barry,41,14.9,0.564,0.439,0.275,2.3,9.9,6.1,16.4,1.9,1.1,16.0,19.6,1.8,0.2,2.0,0.072,1.3,-0.8,0.5,0.8
Brent Barry,17,11.2,0.52,0.548,0.194,0.9,11.4,6.3,12.8,3.0,1.1,11.8,13.7,0.3,0.4,0.7,0.125,-2.1,2.6,0.5,0.2
Drew Barry,27,10.7,0.64,0.553,0.342,2.4,13.3,8.0,29.2,2.1,0.3,40.7,13.3,0.0,0.3,0.3,0.058,-2.7,-0.5,-3.2,-0.1
Jon Barry,49,13.3,0.518,0.587,0.279,2.5,8.6,5.6,19.7,3.3,0.6,15.9,16.4,0.5,0.4,0.9,0.116,-0.7,1.0,0.2,0.2
Tony Battie,65,13.3,0.477,0.027,0.198,10.5,17.2,13.7,7.6,1.9,3.4,14.7,20.2,-0.3,0.8,0.5,0.015,-2.5,-1.3,-3.9,-0.7
Corey Beck,59,9.3,0.516,0.025,0.371,4.5,10.2,7.4,20.4,2.4,0.7,27.5,16.0,-0.3,0.7,0.4,0.028,-3.7,0.8,-2.9,-0.2
Benoit Benjamin,14,12.5,0.581,0.0,0.732,10.4,20.6,15.5,2.5,1.1,1.5,18.1,15.1,0.2,0.2,0.4,0.098,-2.1,-1.1,-3.2,-0.1
Mario Bennett,45,22.2,0.573,0.015,0.326,19.7,20.6,20.1,9.0,2.8,2.2,12.0,21.8,0.9,0.6,1.5,0.201,1.4,-0.5,0.9,0.3
David Benoit,53,10.0,0.489,0.442,0.164,5.7,15.3,10.2,3.3,1.7,1.5,11.9,17.8,0.4,0.7,1.1,0.067,-2.3,-0.3,-2.7,-0.2
David Benoit,24,11.8,0.453,0.367,0.216,6.4,16.4,11.3,4.5,1.5,0.9,7.9,23.4,0.1,0.4,0.5,0.068,-2.0,-0.3,-2.3,0.0
Travis Best,82,13.6,0.498,0.146,0.273,2.3,7.0,4.7,29.9,3.0,0.2,17.1,20.0,1.2,2.1,3.3,0.103,-1.2,1.4,0.3,0.9
Chauncey Billups,51,15.4,0.53,0.416,0.396,3.3,7.3,5.1,26.7,3.1,0.1,18.1,21.7,1.6,1.0,2.6,0.096,1.2,-0.4,0.8,0.9
Chauncey Billups,29,11.1,0.493,0.461,0.292,2.6,7.0,4.7,16.7,1.7,0.1,14.4,18.5,0.6,-0.2,0.4,0.02,-1.2,-2.8,-4.0,-0.4
Mookie Blaylock,70,16.1,0.462,0.356,0.143,3.7,10.9,7.4,29.5,3.7,0.5,15.0,20.1,1.9,3.7,5.6,0.099,1.2,1.5,2.6,3.2
Corie Blount,70,11.9,0.572,0.021,0.417,12.9,19.7,16.4,5.2,1.4,1.7,18.7,11.7,1.2,1.4,2.6,0.12,-1.8,-0.2,-2.0,0.0
Muggsy Bogues,2,20.6,0.51,0.0,0.4,0.0,7.5,3.8,40.0,6.7,0.0,14.5,19.9,0.0,0.0,0.1,0.193,0.6,5.4,6.0,0.0
Muggsy Bogues,59,12.3,0.491,0.05,0.208,2.0,7.1,4.5,33.5,2.2,0.1,23.1,12.7,0.7,1.0,1.7,0.051,-1.5,0.1,-1.4,0.2
Etdrick Bohannon,5,-10.3,0.0,0.0,0.0,23.1,41.7,32.8,12.3,0.0,12.9,42.9,30.3,-0.2,0.0,-0.1,-0.52,-22.7,-1.2,-23.9,-0.1
Keith Booth,6,13.8,0.579,0.167,1.0,13.4,13.5,13.5,9.0,0.0,0.0,25.8,30.7,0.0,0.0,0.0,0.107,-4.3,-2.7,-7.0,0.0
Bruce Bowen,61,11.0,0.483,0.198,0.409,6.6,9.4,7.9,9.3,3.4,1.7,12.9,13.4,0.8,1.4,2.2,0.081,-2.0,1.5,-0.4,0.5
Anthony Bowie,27,12.9,0.596,0.068,0.153,4.8,9.2,7.0,8.5,1.5,0.7,10.0,14.6,0.4,0.3,0.7,0.148,-0.5,0.8,0.4,0.1
Shawn Bradley,64,17.7,0.463,0.004,0.253,9.8,22.1,15.8,5.9,1.5,8.2,10.8,22.3,0.0,3.0,2.9,0.077,-2.1,1.6,-0.4,0.7
Terrell Brandon,50,20.2,0.526,0.127,0.213,1.6,10.6,6.0,40.0,3.3,0.7,15.3,24.2,3.1,2.0,5.1,0.136,2.8,0.8,3.7,2.5
Tim Breaux,6,11.6,0.421,0.273,0.182,0.0,8.2,4.1,11.1,3.5,2.5,7.8,19.6,0.0,0.0,0.0,0.028,-0.8,0.5,-0.3,0.0
Scott Brooks,43,13.9,0.528,0.167,0.303,2.4,9.3,5.9,25.3,3.1,0.7,13.8,12.8,0.5,0.5,1.0,0.156,-0.2,2.8,2.6,0.4
Chucky Brown,77,10.5,0.472,0.022,0.234,5.8,11.9,9.0,7.7,1.0,0.8,11.1,17.8,0.5,0.9,1.4,0.056,-2.3,-1.2,-3.4,-0.4
Dee Brown,41,11.4,0.524,0.443,0.11,1.3,8.3,4.5,10.4,2.8,0.6,10.7,16.0,0.7,0.7,1.3,0.078,-1.2,0.3,-0.8,0.2
Dee Brown,31,16.8,0.58,0.515,0.14,1.7,9.8,5.6,18.8,2.2,1.3,11.2,17.7,2.0,0.1,2.1,0.11,2.7,-1.2,1.6,0.8
P.J. Brown,74,15.0,0.522,0.0,0.334,12.1,19.2,15.8,7.2,1.5,3.0,12.5,15.3,3.5,4.0,7.5,0.152,-0.2,1.0,0.8,1.7
Randy Brown,71,10.1,0.428,0.017,0.258,3.4,6.0,4.7,19.6,3.3,0.8,15.8,15.6,-0.1,1.9,1.8,0.075,-4.0,2.4,-1.6,0.1
Rick Brunson,38,9.6,0.481,0.433,0.44,2.7,7.6,5.2,24.8,2.1,0.4,23.6,16.0,-0.1,0.7,0.6,0.048,-2.4,0.0,-2.4,-0.1
Kobe Bryant,79,18.5,0.548,0.241,0.501,4.5,8.7,6.7,16.0,1.8,1.3,12.4,27.2,4.5,1.8,6.3,0.147,2.2,-0.8,1.4,1.8
Mark Bryant,70,10.2,0.545,0.004,0.422,9.9,15.6,12.8,6.0,1.7,1.0,17.9,13.3,1.0,1.6,2.5,0.109,-3.5,0.5,-3.1,-0.3
Jud Buechler,74,14.1,0.554,0.369,0.034,4.5,10.0,7.3,12.8,2.0,1.8,10.5,14.7,1.0,0.9,1.9,0.151,1.0,1.8,2.8,0.7
Matt Bullard,67,13.8,0.581,0.594,0.069,2.5,11.9,7.3,8.5,1.4,1.4,8.9,16.8,2.0,0.5,2.5,0.102,1.9,-0.6,1.3,1.0
Scott Burrell,80,15.7,0.516,0.384,0.171,8.3,12.4,10.3,9.5,3.1,2.5,11.0,18.5,1.5,2.2,3.7,0.163,0.4,2.2,2.5,1.3
Willie Burton,13,21.4,0.514,0.429,0.571,8.6,15.1,12.1,4.3,2.5,3.3,3.7,29.8,0.1,0.1,0.2,0.229,2.6,1.7,4.3,0.1
Mitchell Butler,18,4.8,0.36,0.128,0.213,3.6,9.4,6.6,13.7,2.1,0.0,13.5,13.3,-0.2,0.3,0.1,0.016,-5.0,2.1,-2.9,0.0
Jason Caffey,51,14.4,0.548,0.005,0.518,12.2,15.7,14.0,8.0,1.0,1.7,16.4,18.4,0.9,1.1,2.0,0.138,-1.5,0.2,-1.4,0.1
Jason Caffey,29,13.4,0.509,0.004,0.363,12.2,13.4,12.8,8.0,0.9,0.3,15.5,22.4,0.2,0.5,0.7,0.047,-1.5,-1.7,-3.2,-0.2
Michael Cage,79,10.1,0.531,0.012,0.429,10.4,19.9,14.8,3.6,2.0,2.7,18.7,4.4,1.1,1.4,2.5,0.1,-0.9,1.4,0.5,0.7
Adrian Caldwell,1,0.0,0.0,0.0,0.0,0.0,0.0,0.0,0.0,0.0,0.0,0.0,0.0,0.0,0.0,0.0,-0.022,-3.6,-2.1,-5.6,0.0
Marcus Camby,63,15.9,0.448,0.003,0.327,10.9,15.3,13.0,9.4,1.8,7.9,13.6,21.6,-0.6,1.5,0.9,0.022,-2.0,0.4,-1.6,0.2
Elden Campbell,81,16.4,0.527,0.003,0.548,9.3,19.3,14.4,6.9,1.0,4.0,12.9,22.0,2.3,2.4,4.7,0.126,-1.0,-0.3,-1.4,0.3
Antoine Carr,66,9.8,0.513,0.0,0.302,5.1,9.6,7.5,7.2,0.5,3.7,11.5,17.8,0.8,0.7,1.5,0.068,-3.5,-0.3,-3.7,-0.5
Chris Carr,51,11.6,0.509,0.281,0.219,4.2,10.8,7.6,11.6,0.8,0.7,12.2,21.5,0.7,0.4,1.1,0.046,-1.3,-1.8,-3.1,-0.3
Sam Cassell,75,21.0,0.533,0.069,0.439,3.0,7.4,5.1,40.4,2.4,0.6,16.3,27.5,6.6,1.7,8.3,0.152,3.7,-0.1,3.6,3.7
Kelvin Cato,74,13.3,0.496,0.013,0.546,10.9,17.9,14.6,3.6,1.5,6.8,13.4,14.7,0.7,2.0,2.7,0.129,-3.2,2.6,-0.6,0.4
Duane Causwell,37,9.2,0.443,0.0,0.292,9.7,21.9,16.0,2.2,1.1,5.4,15.2,15.2,-0.2,0.7,0.5,0.069,-6.1,1.4,-4.7,-0.2
Cedric Ceballos,35,19.2,0.564,0.194,0.326,9.8,17.8,13.9,9.6,1.8,0.9,11.7,24.2,1.2,0.9,2.1,0.163,2.3,0.2,2.5,0.7
Cedric Ceballos,12,19.4,0.552,0.127,0.389,7.2,15.0,11.0,13.3,1.6,1.5,15.2,27.3,0.4,0.3,0.7,0.094,1.7,-0.6,1.1,0.3
Tom Chambers,1,31.5,1.042,0.0,1.0,0.0,23.2,11.5,0.0,10.6,0.0,25.8,17.4,0.0,0.0,0.1,0.369,3.2,9.3,12.5,0.0
Rex Chapman,68,14.4,0.521,0.325,0.196,1.6,7.2,4.5,14.8,1.6,0.4,10.0,23.1,2.4,2.1,4.5,0.095,0.9,-0.7,0.2,1.3
Calbert Cheaney,82,11.7,0.488,0.054,0.219,3.2,10.0,6.5,9.8,1.8,0.9,8.8,18.4,1.6,2.5,4.1,0.069,-2.3,0.2,-2.1,0.0
Pete Chilcutt,82,12.6,0.526,0.362,0.164,6.3,18.5,12.4,11.3,1.9,1.8,13.9,14.0,1.2,0.8,2.0,0.067,-0.5,0.0,-0.5,0.5
Chris Childs,68,11.6,0.524,0.246,0.356,2.2,10.0,6.1,26.6,1.9,0.3,20.1,15.0,1.4,2.3,3.7,0.11,-1.7,1.5,-0.2,0.7
Doug Christie,78,16.2,0.53,0.287,0.305,3.5,12.3,7.7,16.3,3.4,1.3,15.8,21.5,2.4,1.6,4.0,0.066,0.4,0.0,0.4,1.7
Keith Closs,58,14.0,0.482,0.0,0.372,9.6,16.3,12.9,4.2,0.8,7.3,13.6,16.7,0.1,0.5,0.6,0.041,-2.3,0.4,-1.9,0.0
Derrick Coleman,59,17.5,0.5,0.113,0.451,8.0,23.8,15.8,12.3,1.1,2.4,13.1,25.2,1.8,2.7,4.4,0.1,1.1,-0.6,0.5,1.3
Bimbo Coles,53,10.4,0.444,0.13,0.201,1.2,7.9,4.5,27.9,1.8,0.6,15.7,16.8,-0.1,1.0,0.9,0.029,-3.4,-0.1,-3.5,-0.6
James Collins,23,15.3,0.482,0.364,0.255,7.7,7.8,7.7,5.4,3.0,1.9,11.6,29.8,0.0,0.0,0.0,0.008,1.0,-2.0,-1.0,0.0
Marty Conlon,18,17.2,0.541,0.0,0.71,9.3,16.3,12.9,9.8,2.4,1.7,11.9,20.6,0.4,0.4,0.8,0.177,-0.4,1.2,0.8,0.1
Tyrone Corbin,79,12.0,0.502,0.189,0.171,3.5,12.0,7.9,10.6,2.1,0.2,9.7,15.3,2.9,2.7,5.5,0.098,-0.9,0.5,-0.4,1.1
James Cotton,9,12.5,0.481,0.19,0.429,7.4,14.2,10.9,0.0,1.6,2.3,19.4,43.5,-0.1,0.0,-0.1,-0.104,-6.1,-4.6,-10.7,-0.1
Chris Crawford,40,20.4,0.536,0.027,0.618,9.5,9.3,9.4,6.4,2.6,1.9,11.4,28.6,0.6,0.3,0.9,0.17,0.9,-0.7,0.3,0.1
Austin Croshere,26,7.7,0.412,0.151,0.163,5.2,16.5,11.1,5.4,2.0,1.5,12.4,20.6,-0.4,0.4,0.0,0.003,-6.0,-0.1,-6.1,-0.3
John Crotty,26,7.0,0.457,0.222,0.378,1.3,8.3,4.9,25.5,1.4,0.2,28.6,17.6,-0.4,0.3,-0.1,-0.013,-4.2,-1.1,-5.2,-0.3
Terry Cummings,44,12.9,0.49,0.005,0.274,9.6,16.4,13.0,5.6,1.8,0.6,6.7,17.4,0.8,0.7,1.4,0.106,-2.1,-0.8,-2.9,-0.2
Terry Cummings,30,14.6,0.501,0.0,0.185,9.5,21.2,15.3,9.3,1.6,0.7,12.7,23.7,0.1,1.0,1.1,0.101,-2.3,0.1,-2.2,0.0
William Cunningham,6,8.7,0.444,0.0,0.0,14.0,12.3,13.1,4.0,2.8,0.0,0.0,11.0,0.1,0.0,0.1,0.122,-3.7,0.2,-3.5,0.0
William Cunningham,1,33.3,0.0,0.0,0.0,0.0,100.0,100.0,0.0,0.0,0.0,0.0,0.0,0.0,0.0,0.0,0.473,4.0,5.4,9.5,0.0
Bill Curley,11,7.8,0.495,0.03,0.091,8.6,13.1,10.9,4.0,1.1,0.5,8.0,11.4,0.1,0.1,0.2,0.068,-4.9,-1.5,-6.4,-0.2
Dell Curry,52,15.1,0.536,0.334,0.12,3.3,9.2,6.3,12.9,1.7,0.3,10.6,24.3,1.0,0.7,1.7,0.085,1.2,-1.3,-0.1,0.5
Michael Curry,82,9.1,0.548,0.022,0.421,1.6,4.5,3.0,10.9,1.5,0.5,13.5,13.2,2.1,0.9,2.9,0.071,-2.9,0.0,-2.9,-0.5
Erick Dampier,82,14.0,0.502,0.003,0.504,10.6,18.3,14.4,6.1,0.8,3.6,15.3,18.7,1.1,2.9,4.0,0.072,-2.2,-0.2,-2.4,-0.3
Antonio Daniels,74,9.9,0.465,0.095,0.31,1.3,7.1,4.2,26.6,1.5,0.4,20.8,17.9,-0.9,-0.4,-1.3,-0.032,-2.4,-2.6,-5.0,-1.5
Lloyd Daniels,6,13.5,0.509,0.31,0.345,5.3,4.3,4.8,8.2,1.9,1.7,10.7,20.0,0.1,0.0,0.1,0.04,-0.8,-2.6,-3.3,0.0
Yinka Dare,10,4.5,0.279,0.0,0.444,18.1,14.4,16.4,2.4,0.0,2.5,8.5,17.0,-0.1,0.0,-0.1,-0.051,-6.6,-4.5,-11.1,-0.1
Antonio Davis,82,15.3,0.558,0.006,0.754,11.1,19.2,15.4,4.5,1.1,2.3,12.8,17.5,3.8,3.6,7.4,0.162,-0.3,0.2,-0.1,1.1
Ben Davis,7,7.7,0.2,0.0,0.0,55.2,0.0,27.7,0.0,4.2,0.0,0.0,36.1,-0.1,0.0,0.0,-0.127,-5.6,-12.0,-17.6,0.0
Dale Davis,78,15.2,0.546,0.0,0.345,13.6,19.9,16.9,5.3,1.3,2.8,11.3,14.2,3.4,3.8,7.1,0.158,0.6,0.6,1.3,1.8
Emanual Davis,45,9.2,0.581,0.507,0.261,2.0,7.2,4.6,15.4,1.5,0.4,24.7,15.9,0.2,0.1,0.3,0.022,-2.1,-1.5,-3.6,-0.3
Hubert Davis,81,12.5,0.549,0.3,0.151,1.6,6.5,4.0,11.4,1.0,0.1,9.7,17.4,3.1,0.3,3.4,0.068,-0.4,-1.6,-2.0,0.0
Mark Davis,71,10.9,0.489,0.025,0.414,8.1,12.0,10.0,13.5,2.9,1.5,24.0,18.8,-0.8,1.0,0.2,0.01,-2.6,0.6,-2.0,0.0
Terry Davis,74,10.5,0.524,0.004,0.465,13.5,18.7,16.0,2.5,1.3,1.0,15.4,9.5,1.8,1.9,3.6,0.103,-2.2,-0.5,-2.7,-0.3
Todd Day,5,14.8,0.429,0.387,0.29,7.0,3.3,5.1,18.1,5.5,0.0,7.9,25.7,0.0,0.1,0.1,0.102,-2.2,2.3,0.1,0.0
Andrew DeClercq,81,13.2,0.53,0.003,0.494,12.8,18.0,15.2,5.9,2.9,2.5,16.9,14.1,1.4,2.1,3.4,0.108,-2.6,0.3,-2.3,-0.1
Terry Dehere,77,10.8,0.494,0.293,0.22,1.6,6.9,4.2,22.4,1.9,0.2,16.3,18.6,0.3,0.7,1.0,0.035,-2.5,-0.9,-3.4,-0.5
Vinny Del Negro,54,11.1,0.493,0.081,0.194,0.9,8.8,5.1,17.5,1.2,0.2,9.3,15.6,1.6,2.1,3.7,0.104,-2.2,0.7,-1.5,0.2
Bison Dele,78,18.1,0.542,0.003,0.269,10.1,21.6,15.8,7.0,1.4,1.6,13.5,23.9,3.2,3.7,6.9,0.126,0.6,-0.6,0.0,1.3
Tony Delk,3,2.4,0.82,0.25,0.5,0.0,7.0,3.6,13.3,0.0,0.0,45.0,12.1,0.0,0.0,0.0,-0.025,-6.1,-0.4,-6.5,0.0
Tony Delk,74,13.3,0.45,0.196,0.188,2.4,8.8,5.5,19.4,2.3,0.5,10.9,25.5,-0.5,1.3,0.8,0.023,-1.0,-0.3,-1.4,0.3
Vlade Divac,64,19.4,0.539,0.026,0.351,12.4,22.2,17.3,15.8,2.5,3.8,15.6,18.8,2.9,3.0,5.9,0.157,1.8,2.2,4.0,2.7
Sherman Douglas,80,15.6,0.541,0.089,0.334,3.3,6.0,4.6,30.4,1.7,0.3,15.7,17.9,3.3,0.7,4.0,0.112,1.3,-0.7,0.6,1.1
Clyde Drexler,70,19.8,0.531,0.315,0.327,5.1,11.4,8.3,27.6,2.7,1.2,13.5,25.7,5.0,1.8,6.8,0.133,3.2,0.1,3.4,3.3
Chris Dudley,51,9.5,0.428,0.0,0.643,15.0,23.5,19.2,3.7,0.8,4.6,19.3,12.4,-0.3,1.7,1.5,0.084,-4.1,1.4,-2.8,-0.2
Joe Dumars,72,14.3,0.549,0.539,0.195,0.7,4.6,2.7,18.9,1.0,0.1,8.9,18.9,4.8,1.2,5.9,0.122,2.3,-1.3,1.0,1.7
Tony Dumas,7,5.4,0.526,0.333,0.25,2.7,10.3,6.5,18.3,0.0,0.0,27.3,18.0,-0.1,0.0,0.0,-0.03,-4.4,-1.6,-6.0,0.0
Tim Duncan,82,22.6,0.577,0.008,0.375,10.5,23.8,17.6,13.7,0.9,4.5,15.7,26.0,5.6,7.2,12.8,0.192,2.5,2.0,4.6,5.3
Ledell Eackles,42,12.2,0.542,0.263,0.337,5.0,10.7,7.8,4.6,1.6,0.0,12.6,18.7,0.6,0.4,1.0,0.088,-1.2,-0.6,-1.7,0.0
Tyus Edney,52,17.8,0.523,0.046,0.514,3.5,7.2,5.2,36.3,4.2,0.1,19.9,23.0,0.8,0.7,1.4,0.112,0.9,0.6,1.5,0.6
Blue Edwards,81,14.5,0.521,0.162,0.29,3.6,9.1,6.3,17.2,2.3,1.0,13.8,21.9,1.8,0.3,2.1,0.052,-0.5,-1.0,-1.5,0.2
Kevin Edwards,27,8.1,0.404,0.104,0.142,3.4,8.1,5.6,11.1,3.1,0.0,15.1,16.4,-0.3,0.3,0.0,-0.001,-3.9,0.9,-3.1,-0.1
Kevin Edwards,12,13.1,0.435,0.068,0.339,7.7,9.8,8.7,17.5,2.0,0.5,12.9,26.4,0.0,0.1,0.1,0.035,-1.6,-0.6,-2.2,0.0
Howard Eisley,82,13.6,0.541,0.227,0.287,1.9,9.5,6.0,32.1,1.7,0.6,21.5,20.0,1.7,1.2,2.9,0.081,0.3,-0.9,-0.6,0.6
Mario Elie,73,12.9,0.575,0.414,0.382,2.3,6.9,4.6,17.4,2.1,0.3,15.8,14.4,3.2,0.6,3.8,0.092,-0.2,-0.1,-0.4,0.8
Sean Elliott,36,9.5,0.495,0.297,0.257,1.9,11.6,7.1,10.0,1.3,1.0,14.5,18.3,-0.1,1.5,1.4,0.065,-2.8,0.4,-2.3,0.0
Dale Ellis,79,16.6,0.612,0.391,0.203,3.2,8.1,5.7,7.7,1.7,0.2,8.8,20.0,4.6,1.4,6.0,0.149,2.7,-1.1,1.6,1.8
Harold Ellis,27,18.1,0.591,0.036,0.568,9.0,8.1,8.6,10.5,3.0,0.9,12.0,20.9,0.8,0.1,0.9,0.119,0.8,-0.7,0.1,0.2
LaPhonso Ellis,76,14.4,0.484,0.2,0.254,6.5,18.8,12.5,15.9,1.4,1.4,13.4,22.9,0.7,0.7,1.4,0.025,-0.2,-2.0,-2.1,-0.1
Pervis Ellison,33,13.1,0.589,0.0,0.486,12.6,16.4,14.4,10.3,2.3,5.4,24.8,10.9,0.4,0.6,1.1,0.113,-2.7,2.1,-0.6,0.2
Brian Evans,44,12.0,0.454,0.218,0.233,6.4,11.6,8.9,9.8,2.2,1.0,9.6,20.5,0.2,0.6,0.8,0.072,-1.3,0.1,-1.2,0.1
Brian Evans,28,12.0,0.523,0.396,0.085,5.9,12.7,9.1,11.5,1.1,1.1,11.3,16.2,0.5,0.2,0.7,0.097,-0.1,-1.0,-1.1,0.1
Patrick Ewing,26,23.3,0.557,0.005,0.462,8.3,29.3,18.8,6.8,1.0,5.3,13.7,31.1,1.0,2.0,3.0,0.168,2.4,1.8,4.2,1.3
Tony Farmer,27,13.9,0.477,0.17,0.736,11.5,11.3,11.4,4.6,3.2,1.7,11.4,21.7,0.2,0.2,0.4,0.109,-1.9,-0.6,-2.5,0.0
Jamie Feick,45,12.1,0.472,0.144,0.456,12.1,21.6,16.8,5.5,3.0,2.8,16.3,13.1,0.1,0.7,0.9,0.091,-2.5,1.0,-1.4,0.1
Duane Ferrell,50,6.4,0.389,0.054,0.198,5.6,5.2,5.4,9.0,2.4,0.9,13.0,13.1,-0.4,0.3,0.0,-0.004,-5.4,0.7,-4.7,-0.3
Danny Ferry,69,7.5,0.479,0.346,0.14,2.8,10.6,6.8,9.5,1.3,1.2,14.9,15.9,-0.4,1.4,1.0,0.049,-3.0,0.7,-2.3,-0.1
Michael Finley,82,19.3,0.522,0.162,0.276,4.8,9.6,7.2,22.7,2.1,0.6,11.5,25.7,5.5,2.0,7.5,0.106,3.0,-0.6,2.5,3.8
Derek Fisher,82,12.9,0.533,0.214,0.402,2.5,9.7,6.2,27.0,2.2,0.2,21.1,14.1,2.2,1.6,3.8,0.104,-0.3,0.3,0.0,0.9
Danny Fortson,80,14.3,0.537,0.005,0.555,11.5,17.8,14.6,8.0,1.3,1.2,17.1,23.1,1.5,0.4,1.9,0.051,-2.5,-2.5,-5.0,-1.4
Greg Foster,78,8.9,0.483,0.022,0.208,7.8,15.2,11.7,5.6,0.6,1.5,13.0,16.8,0.3,1.0,1.3,0.045,-3.3,-1.6,-4.9,-1.1
Rick Fox,82,12.5,0.564,0.344,0.298,3.3,11.4,7.5,15.5,1.9,1.2,18.7,17.5,2.5,2.8,5.3,0.093,-0.8,0.3,-0.5,1.1
Adonal Foyle,55,9.2,0.418,0.006,0.365,11.5,18.6,15.0,3.5,1.0,5.4,20.2,16.4,-1.0,0.9,-0.1,-0.009,-5.9,0.5,-5.3,-0.6
Todd Fuller,57,11.8,0.473,0.02,0.39,10.3,24.2,17.1,2.8,0.5,1.8,13.3,19.7,0.0,0.7,0.7,0.053,-3.8,-1.6,-5.5,-0.5
Lawrence Funderburke,52,16.2,0.534,0.018,0.415,8.0,16.0,11.9,10.0,0.9,0.9,11.8,21.3,1.4,0.7,2.1,0.092,0.9,-1.4,-0.5,0.4
Chris Garner,38,5.6,0.363,0.2,0.1,2.6,6.8,4.6,23.1,3.7,0.9,25.5,14.7,-0.5,0.1,-0.4,-0.069,-6.9,-0.2,-7.1,-0.4
Kevin Garnett,82,20.4,0.527,0.012,0.257,7.9,19.7,13.9,18.2,2.2,3.3,11.8,22.5,5.3,4.2,9.6,0.143,2.6,1.5,4.2,5.0
Dean Garrett,82,12.1,0.465,0.0,0.312,9.9,19.2,14.4,5.8,1.2,3.8,11.6,12.6,1.2,1.1,2.2,0.041,-1.5,-1.1,-2.6,-0.4
Kiwane Lemorris Garris,28,8.7,0.447,0.215,0.385,1.5,8.6,5.0,21.4,1.7,0.3,16.5,18.4,-0.1,0.0,-0.1,-0.03,-3.6,-2.0,-5.6,-0.2
Chris Gatling,57,16.0,0.496,0.007,0.486,9.4,19.7,14.2,6.7,2.0,1.6,13.0,24.3,0.9,1.5,2.4,0.084,-1.0,-1.1,-2.0,0.0
Reggie Geary,62,6.8,0.392,0.237,0.331,3.4,7.6,5.6,16.6,2.9,1.2,17.8,16.1,-0.9,1.2,0.3,0.023,-5.6,2.7,-2.9,-0.2
Matt Geiger,78,20.2,0.544,0.016,0.333,13.0,21.1,17.1,7.6,2.0,3.5,12.0,23.2,3.2,2.7,5.9,0.154,1.2,-0.1,1.1,1.5
Kendall Gill,81,14.9,0.486,0.104,0.336,4.5,12.6,8.3,11.9,3.0,1.7,10.0,19.8,2.9,3.0,5.9,0.104,0.0,1.5,1.4,2.3
Armen Gilliam,82,16.4,0.56,0.006,0.493,8.4,17.1,12.7,8.5,1.6,1.3,15.2,20.9,3.1,2.1,5.3,0.119,0.4,-0.3,0.1,1.1
Anthony Goldwire,82,13.6,0.523,0.258,0.292,2.1,5.9,3.9,22.5,2.1,0.2,10.6,16.5,3.3,-0.4,3.0,0.064,-0.2,-1.6,-1.7,0.1
Greg Graham,6,2.1,0.621,0.25,0.167,0.0,2.2,1.1,18.3,1.0,0.0,43.7,18.9,-0.2,0.0,-0.1,-0.096,-7.0,-1.8,-8.8,-0.1
Brian Grant,61,16.7,0.561,0.002,0.409,12.4,20.9,16.8,7.7,1.2,1.7,14.3,18.1,3.3,3.0,6.3,0.157,0.4,0.1,0.5,1.2
Gary Grant,22,16.1,0.529,0.204,0.151,2.7,12.5,7.8,38.5,2.5,0.4,19.5,15.5,0.6,0.5,1.1,0.147,0.4,1.4,1.8,0.3
Harvey Grant,65,7.5,0.406,0.031,0.153,7.4,14.2,10.7,6.3,1.3,1.2,11.1,11.7,-0.2,0.9,0.7,0.037,-3.9,0.4,-3.6,-0.4
Horace Grant,76,15.4,0.488,0.008,0.232,9.4,16.8,13.0,11.0,1.6,2.0,8.5,16.9,3.6,3.6,7.1,0.122,0.4,0.8,1.2,2.2
Ed Gray,30,13.0,0.492,0.228,0.322,2.3,8.7,5.6,12.8,1.7,1.6,11.5,25.6,0.4,0.4,0.8,0.083,-1.3,-0.2,-1.4,0.1
Jeff Grayer,1,-20.0,0.0,0.75,0.0,0.0,0.0,0.0,12.1,0.0,0.0,33.3,25.2,-0.1,0.0,-0.1,-0.624,-18.6,-10.5,-29.0,-0.1
Jeff Grayer,4,13.5,0.714,0.429,0.0,0.0,19.1,9.3,8.0,4.6,0.0,22.2,17.1,0.0,0.0,0.1,0.135,-5.9,5.2,-0.6,0.0
A.C. Green,82,12.8,0.496,0.007,0.303,9.0,19.3,14.0,7.3,1.6,0.7,10.1,11.6,2.8,2.4,5.2,0.095,-1.1,-0.3,-1.4,0.4
Litterial Green,21,5.4,0.393,0.087,0.87,1.0,6.0,3.4,18.7,1.7,0.0,20.1,14.6,-0.1,0.1,-0.1,-0.024,-4.6,-0.3,-4.9,-0.1
Derek Grimm,9,7.9,0.47,0.857,0.143,0.0,13.4,6.5,0.0,4.6,2.0,16.8,23.4,-0.1,0.1,0.0,-0.012,-4.1,1.6,-2.5,0.0
Tom Gugliotta,41,20.5,0.561,0.027,0.351,7.7,17.8,12.8,17.9,2.0,1.0,12.9,23.6,3.4,1.5,5.0,0.151,3.1,0.2,3.2,2.1
Jack Haley,16,7.2,0.404,0.056,1.167,10.7,24.2,17.0,0.0,0.0,1.5,12.8,26.6,-0.1,0.0,0.0,-0.034,-8.0,-4.2,-12.2,-0.1
Darvin Ham,71,9.2,0.531,0.0,0.712,12.5,10.9,11.7,3.6,1.7,2.8,21.3,12.1,0.2,0.7,0.9,0.069,-4.6,0.5,-4.0,-0.3
Tom Hammonds,57,12.1,0.569,0.004,0.537,10.1,16.9,13.5,4.6,0.7,1.1,13.6,13.7,1.7,0.7,2.4,0.102,-1.5,-1.2,-2.7,-0.2
Reggie Hanson,8,6.9,0.5,0.0,0.0,12.5,14.9,13.6,5.9,4.0,3.0,33.3,15.0,0.0,0.0,0.0,0.001,-8.5,2.9,-5.6,0.0
Anfernee Hardaway,19,15.9,0.479,0.183,0.432,1.5,13.1,7.2,20.4,2.5,1.7,12.4,27.2,0.3,0.8,1.1,0.085,0.4,0.8,1.2,0.5
Tim Hardaway,81,20.6,0.53,0.341,0.254,1.9,9.4,5.8,41.3,2.4,0.4,13.5,25.6,7.9,3.8,11.7,0.185,4.8,0.4,5.2,5.5
Derek Harper,66,11.5,0.491,0.303,0.146,1.5,5.5,3.4,23.2,2.3,0.4,14.9,17.6,0.9,1.5,2.3,0.063,-1.6,0.2,-1.3,0.3
Ron Harper,82,14.7,0.503,0.126,0.325,5.3,9.2,7.3,16.4,2.5,1.5,10.7,16.7,3.4,3.7,7.2,0.151,-0.2,2.1,1.9,2.3
Othella Harrington,58,13.7,0.547,0.004,0.459,9.7,17.4,13.6,4.4,0.6,2.1,12.8,18.4,1.3,0.5,1.7,0.092,-1.7,-1.9,-3.6,-0.3
Lucious Harris,50,10.4,0.475,0.22,0.311,3.4,5.7,4.5,9.4,3.3,0.6,9.5,14.4,0.6,0.5,1.1,0.08,-2.8,1.6,-1.3,0.1
Hersey Hawkins,82,15.4,0.594,0.473,0.321,3.3,11.9,7.7,12.8,3.0,0.5,12.3,14.8,5.3,3.3,8.6,0.158,1.6,1.5,3.1,3.4
Alan Henderson,69,18.4,0.534,0.008,0.515,12.2,13.8,13.0,6.7,1.1,1.3,10.6,23.9,4.2,1.8,6.0,0.144,1.4,-1.9,-0.5,0.8
Cedric Henderson,82,10.7,0.514,0.006,0.262,3.5,12.2,7.9,11.6,2.0,1.4,16.9,17.8,-0.2,4.0,3.8,0.072,-2.7,1.1,-1.6,0.3
Mark Hendrickson,48,9.4,0.468,0.034,0.383,4.9,17.0,10.8,8.3,1.8,0.8,15.1,12.4,0.0,0.7,0.8,0.049,-3.5,0.1,-3.5,-0.3
Steve Henson,23,14.1,0.619,0.308,0.269,0.0,3.7,1.8,11.9,0.8,0.0,17.1,25.1,0.1,0.0,0.1,0.098,-0.7,-1.9,-2.7,0.0
Carl Herrera,58,8.1,0.437,0.006,0.251,5.7,14.1,10.2,7.3,2.0,1.6,16.4,21.1,-0.9,0.9,0.1,0.006,-5.7,0.9,-4.8,-0.4
Sean Higgins,2,-15.1,0.0,0.4,0.0,0.0,0.0,0.0,0.0,8.9,0.0,16.7,22.6,-0.1,0.0,-0.1,-0.414,-21.3,0.9,-20.4,-0.1
Grant Hill,81,21.2,0.52,0.015,0.475,3.3,19.3,11.3,31.5,2.4,1.2,14.8,27.3,5.2,5.1,10.2,0.149,3.3,1.5,4.7,5.6
Tyrone Hill,57,13.6,0.538,0.002,0.61,12.4,23.6,18.0,6.8,1.7,1.1,16.7,14.1,2.2,2.6,4.8,0.113,-0.4,0.0,-0.4,0.8
Fred Hoiberg,65,11.2,0.517,0.383,0.311,2.0,14.3,8.5,8.1,2.5,0.2,8.0,14.9,0.9,1.4,2.3,0.127,-1.6,1.9,0.3,0.5
Jerald Honeycutt,38,11.8,0.497,0.348,0.262,6.2,15.3,10.7,11.1,2.0,0.8,16.6,25.4,-0.2,0.5,0.3,0.029,-2.2,-0.7,-2.9,-0.1
Jeff Hornacek,80,19.3,0.587,0.153,0.389,3.5,9.7,6.8,23.9,2.4,0.5,12.0,20.8,7.4,2.1,9.5,0.186,3.3,0.5,3.7,3.6
Robert Horry,72,14.4,0.542,0.221,0.402,9.8,17.9,14.0,10.6,2.6,3.0,16.7,11.9,3.0,3.6,6.6,0.144,0.3,2.3,2.5,2.5
Allan Houston,82,15.1,0.53,0.167,0.262,1.8,9.8,5.8,14.3,1.2,0.7,12.3,26.7,2.5,3.5,6.1,0.102,0.8,-0.2,0.6,1.9
Juwan Howard,64,15.2,0.515,0.002,0.361,6.9,13.2,10.0,13.6,1.7,0.6,13.9,23.2,2.1,2.4,4.6,0.086,-0.3,-0.6,-0.9,0.7
Stephen Howard,13,9.8,0.432,0.0,0.857,13.8,13.3,13.5,9.1,3.0,1.4,17.2,30.5,-0.1,0.1,0.0,-0.02,-8.2,-1.8,-10.0,-0.1
Troy Hudson,8,19.1,0.429,0.214,0.0,5.8,5.1,5.4,35.1,4.7,0.0,6.7,30.2,0.0,0.0,0.0,0.075,-1.1,0.5,-0.6,0.0
Lindsey Hunter,71,12.4,0.472,0.321,0.237,2.9,8.9,5.9,15.1,2.7,0.3,10.8,19.0,1.2,2.8,4.0,0.077,-0.9,1.0,0.1,1.3
Bobby Hurley,34,10.2,0.488,0.13,0.322,1.8,7.9,4.8,30.1,1.6,0.0,24.2,18.5,-0.2,0.2,0.0,0.001,-3.2,-1.9,-5.1,-0.3
Bobby Hurley,27,7.9,0.435,0.057,0.317,1.3,6.3,3.8,32.2,1.1,0.0,23.9,17.9,-0.4,-0.2,-0.5,-0.056,-4.1,-3.9,-8.0,-0.7
Zydrunas Ilgauskas,82,19.7,0.564,0.005,0.345,14.6,22.6,18.6,5.7,1.2,4.3,12.6,22.4,4.5,4.9,9.4,0.189,1.0,0.5,1.4,2.1
Allen Iverson,80,20.4,0.535,0.167,0.38,3.1,7.7,5.4,30.6,3.0,0.6,12.9,26.9,6.3,2.8,9.0,0.138,3.5,0.1,3.6,4.5
Bobby Jackson,68,13.6,0.453,0.102,0.231,4.4,13.3,8.7,29.5,2.8,0.4,17.4,23.5,-1.3,0.7,-0.6,-0.014,-1.3,-1.3,-2.6,-0.3
Jaren Jackson,82,9.7,0.511,0.454,0.18,3.0,7.6,5.4,11.4,1.5,0.3,12.8,17.1,1.3,2.8,4.1,0.088,-2.0,0.5,-1.5,0.3
Jim Jackson,48,13.1,0.545,0.209,0.288,4.4,10.2,7.3,21.5,1.2,0.2,19.4,18.8,1.4,0.9,2.3,0.062,0.0,-1.5,-1.5,0.2
Jim Jackson,31,13.2,0.466,0.138,0.224,5.0,9.8,7.3,23.5,1.6,0.1,15.8,25.9,-0.6,0.8,0.2,0.007,-0.4,-1.2,-1.7,0.1
Mark Jackson,82,17.2,0.501,0.229,0.301,3.5,12.1,8.0,46.7,1.9,0.1,20.4,16.8,4.4,3.1,7.5,0.15,2.9,0.1,3.1,3.1
Henry James,28,10.6,0.582,0.424,0.373,1.5,9.5,5.5,5.3,0.3,0.5,14.9,22.4,0.2,0.2,0.3,0.101,-1.9,-1.5,-3.4,-0.1
Anthony Johnson,77,8.6,0.437,0.21,0.181,2.4,6.0,4.2,22.3,1.5,0.2,15.4,15.2,-0.4,0.8,0.4,0.008,-3.3,-1.1,-4.4,-1.4
Avery Johnson,75,14.1,0.514,0.019,0.25,1.4,4.9,3.2,36.2,1.7,0.5,18.1,16.0,3.5,3.2,6.7,0.12,0.3,0.1,0.4,1.6
Eddie Johnson,75,13.1,0.524,0.364,0.25,4.0,8.1,6.1,10.0,1.1,0.1,9.3,20.3,2.0,0.1,2.2,0.07,0.3,-2.2,-2.0,0.0
Ervin Johnson,81,15.6,0.564,0.0,0.505,12.9,24.1,18.5,4.2,1.9,5.2,16.9,14.0,2.7,3.8,6.4,0.136,-1.1,1.5,0.3,1.3
Kevin Johnson,50,15.6,0.555,0.075,0.536,3.2,11.4,7.4,28.5,1.1,0.4,19.1,18.6,2.3,1.3,3.5,0.131,1.0,-0.4,0.5,0.8
Larry Johnson,70,15.8,0.539,0.071,0.32,8.7,11.3,10.0,11.4,0.9,0.4,11.2,22.1,4.0,2.9,6.9,0.137,1.1,-0.5,0.6,1.6
Charles Jones,24,7.8,0.689,0.0,0.2,11.3,11.1,11.2,5.7,0.4,3.3,26.9,5.3,0.2,0.0,0.2,0.078,-3.2,-0.1,-3.4,0.0
Dontae' Jones,15,3.8,0.386,0.404,0.0,3.6,8.5,5.8,9.9,1.1,2.6,16.2,32.3,-0.4,0.0,-0.3,-0.175,-6.5,-4.3,-10.9,-0.2
Eddie Jones,80,18.0,0.592,0.366,0.304,3.4,8.2,5.9,13.5,2.8,1.3,11.4,19.5,6.8,3.2,10.1,0.166,2.9,1.1,4.0,4.4
Popeye Jones,14,13.4,0.443,0.024,0.15,15.3,17.2,16.2,8.6,1.5,0.6,10.6,18.9,0.2,0.1,0.3,0.038,-1.3,-3.2,-4.5,-0.2
Michael Jordan,82,25.2,0.533,0.067,0.381,4.7,12.5,8.5,18.0,2.4,1.0,7.7,33.7,10.4,5.4,15.8,0.238,5.9,1.0,6.9,7.1
Reggie Jordan,57,15.3,0.515,0.009,0.637,13.4,9.2,11.3,15.1,3.7,1.3,17.2,15.9,0.6,0.5,1.2,0.114,-0.1,1.4,1.3,0.4
Adam Keefe,80,14.5,0.605,0.0,0.472,11.6,14.8,13.3,6.7,1.4,0.9,12.2,13.2,4.8,1.7,6.5,0.153,1.3,-0.6,0.6,1.3
Shawn Kemp,80,17.5,0.512,0.007,0.478,9.9,23.0,16.5,13.6,2.1,2.5,16.1,28.0,0.9,5.9,6.8,0.118,-0.5,1.1,0.6,1.8
Tim Kempton,3,-5.1,0.0,0.0,0.0,0.0,8.0,3.9,9.5,0.0,0.0,0.0,6.1,0.0,0.0,0.0,-0.089,-11.7,-1.5,-13.2,0.0
Tim Kempton,5,0.4,0.286,0.0,0.0,13.5,3.6,8.8,9.2,1.6,4.3,36.4,15.1,-0.1,0.0,-0.1,-0.175,-9.4,-2.7,-12.1,-0.1
Steve Kerr,50,12.9,0.581,0.43,0.162,1.4,6.5,3.9,13.2,1.3,0.3,7.7,14.0,2.5,1.2,3.8,0.161,0.6,0.6,1.1,0.9
Jerome Kersey,37,12.6,0.447,0.043,0.279,9.5,12.9,11.3,9.6,3.9,1.5,12.1,19.2,0.0,1.2,1.2,0.079,-3.3,1.0,-2.3,-0.1
Jason Kidd,82,16.4,0.502,0.271,0.243,4.1,14.7,9.5,35.6,2.7,0.6,21.5,17.6,3.2,4.8,8.0,0.123,1.5,1.6,3.1,4.0
Kerry Kittles,77,17.5,0.525,0.228,0.217,5.1,10.1,7.4,10.6,2.5,1.0,7.7,21.2,6.2,2.2,8.4,0.144,2.9,0.2,3.1,3.7
Joe Kleine,46,5.5,0.408,0.0,0.17,7.8,14.5,11.1,11.2,0.5,0.9,19.7,16.0,-0.4,0.5,0.1,0.016,-6.3,-0.2,-6.4,-0.4
Brevin Knight,80,17.1,0.515,0.012,0.424,3.4,9.1,6.3,43.7,4.2,0.6,21.6,16.7,3.5,4.9,8.4,0.163,0.5,3.1,3.6,3.5
Travis Knight,74,13.6,0.499,0.126,0.235,10.5,18.8,14.3,10.9,1.8,4.3,15.3,16.4,1.1,1.9,3.0,0.096,-2.0,0.7,-1.2,0.3
Toni Kukoč,74,17.3,0.525,0.207,0.26,6.2,10.6,8.4,23.4,1.8,1.2,14.1,21.9,3.7,3.3,7.0,0.15,2.4,0.9,3.3,3.0
Christian Laettner,74,18.5,0.576,0.037,0.485,7.6,17.2,12.6,14.6,1.7,2.2,17.1,21.7,4.6,3.0,7.5,0.159,1.4,1.0,2.4,2.5
Andrew Lang,57,8.5,0.452,0.007,0.399,9.8,17.3,13.5,3.5,1.4,2.9,16.4,13.3,-0.1,0.8,0.7,0.047,-3.8,0.5,-3.3,-0.2
Antonio Lang,6,14.9,0.704,0.0,1.6,8.4,11.8,10.1,5.6,3.8,0.0,31.9,20.1,0.0,0.0,0.1,0.122,-3.0,0.5,-2.5,0.0
Rusty LaRue,14,7.3,0.466,0.327,0.163,0.8,5.7,3.3,5.7,1.2,0.5,10.3,18.7,0.0,0.1,0.1,0.04,-3.7,0.2,-3.6,-0.1
Priest Lauderdale,39,10.0,0.458,0.0,0.543,9.0,25.7,17.1,11.6,1.1,3.7,22.6,26.8,-0.9,0.2,-0.6,-0.087,-6.4,-1.0,-7.4,-0.5
Jason Lawson,17,21.5,0.67,0.0,0.667,11.5,28.6,19.9,10.7,2.8,3.6,9.3,12.3,0.3,0.2,0.5,0.28,1.1,3.7,4.8,0.1
Tim Legler,8,-4.5,0.217,0.316,0.211,2.9,3.1,3.0,5.3,0.7,0.0,16.2,14.5,-0.3,0.0,-0.3,-0.165,-10.9,-2.5,-13.4,-0.2
Voshon Lenard,81,13.3,0.547,0.443,0.21,3.3,9.5,6.5,11.8,1.2,0.4,9.6,18.4,4.5,2.5,7.1,0.129,1.2,-0.3,0.9,1.9
Alton Lister,7,2.4,0.375,0.0,0.0,5.5,23.0,14.5,3.4,1.2,1.7,20.0,10.3,-0.1,0.1,0.0,0.021,-8.9,1.9,-7.0,-0.1
Randy Livingston,12,5.2,0.352,0.0,0.417,1.5,6.9,4.3,8.8,4.7,1.7,29.7,11.4,-0.2,0.1,0.0,-0.028,-5.4,4.1,-1.3,0.0
Horacio Llamas,8,8.6,0.472,0.143,0.476,11.4,38.0,25.0,4.0,1.2,5.2,26.2,37.1,-0.2,0.1,-0.1,-0.083,-14.5,-2.2,-16.7,-0.2
Brad Lohaus,9,5.2,0.426,0.667,0.143,3.6,9.6,6.8,7.4,0.5,1.4,11.8,11.6,0.0,0.1,0.1,0.043,-3.9,-0.3,-4.2,-0.1
Grant Long,40,10.0,0.496,0.034,0.487,9.1,15.1,12.1,5.2,2.1,1.2,13.4,10.3,0.6,1.0,1.6,0.104,-2.6,1.5,-1.1,0.2
Luc Longley,58,13.5,0.492,0.0,0.243,7.6,15.4,11.5,15.5,1.1,2.6,16.2,21.2,0.6,2.8,3.4,0.096,-2.0,1.1,-0.9,0.5
George Lynch,82,16.8,0.526,0.058,0.306,11.4,16.5,13.9,13.8,2.3,1.9,15.1,20.5,1.7,0.8,2.5,0.079,0.4,-0.6,-0.2,0.7
Sam Mack,57,12.4,0.519,0.481,0.138,2.4,8.4,5.4,11.9,1.5,0.5,10.4,20.8,1.3,-0.2,1.1,0.037,0.3,-2.2,-1.9,0.0
Don MacLean,9,-6.5,0.15,0.2,0.0,7.8,5.9,6.9,0.0,0.0,0.0,16.7,12.4,-0.1,0.0,-0.2,-0.173,-9.9,-5.1,-15.0,-0.1
Gerald Madkins,19,9.8,0.499,0.441,0.206,0.9,5.9,3.3,27.9,2.8,0.3,26.0,9.0,0.1,0.2,0.3,0.057,-2.3,2.0,-0.3,0.1
Rick Mahorn,59,7.8,0.49,0.0,0.264,10.9,22.0,16.4,3.3,1.1,0.7,20.4,11.9,0.0,0.9,0.9,0.064,-4.5,-0.6,-5.0,-0.5
Dan Majerle,72,12.2,0.562,0.672,0.116,3.0,13.0,8.2,13.0,1.9,0.6,12.3,12.7,2.8,2.5,5.3,0.131,0.7,1.5,2.3,2.1
Karl Malone,81,27.9,0.597,0.004,0.56,8.3,24.8,17.1,20.9,1.7,1.7,11.9,31.8,12.1,4.3,16.4,0.259,6.6,0.7,7.3,7.1
Matt Maloney,78,10.5,0.539,0.59,0.133,0.9,6.6,3.8,15.6,1.5,0.2,14.7,14.9,1.9,0.3,2.2,0.047,-0.6,-1.3,-1.8,0.1
Danny Manning,70,19.8,0.554,0.009,0.299,7.3,17.9,12.8,13.6,2.1,1.9,10.5,24.1,3.5,3.0,6.5,0.174,1.4,1.3,2.7,2.1
Stephon Marbury,82,16.3,0.505,0.246,0.364,2.1,6.2,4.2,36.1,1.7,0.2,15.1,24.1,4.2,1.1,5.3,0.082,1.9,-2.0,-0.1,1.5
Donyell Marshall,73,15.5,0.474,0.184,0.198,8.3,17.6,12.8,11.2,1.9,1.9,11.0,22.3,1.0,3.2,4.2,0.078,0.3,0.3,0.6,1.7
Darrick Martin,82,12.3,0.509,0.401,0.297,0.9,7.2,4.1,23.2,1.9,0.3,15.7,18.9,2.0,-0.1,1.9,0.041,-1.0,-1.8,-2.8,-0.5
Jamal Mashburn,48,14.1,0.533,0.211,0.4,5.0,10.8,8.0,13.3,1.4,0.6,13.7,21.2,2.2,1.8,4.1,0.113,0.6,-0.5,0.1,0.9
Anthony Mason,81,16.4,0.552,0.005,0.526,6.9,24.7,15.8,17.3,1.2,0.4,13.4,16.0,5.7,3.5,9.3,0.141,1.7,0.6,2.3,3.4
Tony Massenburg,61,14.9,0.536,0.0,0.443,10.3,19.5,14.9,4.0,1.5,1.9,14.0,21.4,0.8,0.4,1.3,0.067,-2.0,-2.3,-4.4,-0.5
Vernon Maxwell,11,9.4,0.453,0.333,0.333,3.4,5.7,4.5,13.0,0.7,0.4,11.8,27.5,0.0,0.1,0.0,0.013,-2.9,-2.8,-5.7,-0.2
Vernon Maxwell,31,13.2,0.539,0.478,0.189,2.4,9.0,5.7,14.6,1.6,0.5,12.6,22.1,0.5,0.3,0.8,0.08,0.0,-1.3,-1.2,0.1
Lee Mayberry,79,9.2,0.489,0.516,0.146,1.2,5.9,3.6,27.7,1.8,0.4,23.3,11.7,0.7,-0.3,0.4,0.012,-2.1,-1.6,-3.7,-0.8
Bob McCann,1,-7.3,0.0,0.0,0.0,0.0,23.3,11.2,0.0,0.0,0.0,0.0,8.8,0.0,0.0,0.0,-0.186,-13.9,-3.6,-17.4,0.0
Walter McCarty,82,11.6,0.483,0.24,0.266,6.5,12.3,9.2,11.9,2.4,1.5,14.7,17.7,0.8,2.2,2.9,0.06,-1.4,-0.1,-1.5,0.3
George McCloud,63,12.7,0.507,0.487,0.119,4.4,16.2,10.5,10.8,2.3,0.8,12.3,19.2,0.6,1.9,2.4,0.096,-0.8,0.8,-0.1,0.6
Xavier McDaniel,20,4.3,0.373,0.0,0.267,7.2,13.1,10.0,7.0,0.9,0.8,19.3,10.0,-0.1,0.1,0.0,-0.007,-5.5,-0.4,-5.9,-0.2
Michael McDonald,1,-22.1,0.0,0.0,0.0,30.5,0.0,15.1,0.0,0.0,0.0,100.0,23.1,-0.1,0.0,-0.1,-0.638,-26.2,-6.2,-32.4,0.0
Antonio McDyess,81,20.3,0.571,0.002,0.355,10.1,19.0,14.7,7.5,2.2,4.0,11.7,22.5,4.8,4.6,9.4,0.185,0.8,1.4,2.1,2.5
Tracy McGrady,64,17.4,0.505,0.103,0.279,9.6,16.2,12.8,14.0,2.2,3.6,12.9,19.1,1.3,0.7,2.0,0.081,1.3,-0.7,0.6,0.8
Jim McIlvaine,78,9.5,0.477,0.013,0.363,9.7,15.8,12.8,2.3,1.1,8.6,17.3,12.0,0.0,1.9,1.9,0.075,-5.3,2.0,-3.3,-0.4
Derrick McKey,57,10.7,0.497,0.052,0.235,7.1,11.9,9.6,10.7,2.4,1.6,18.0,15.9,0.1,2.1,2.1,0.077,-2.0,1.8,-0.2,0.6
Aaron McKie,24,10.1,0.478,0.163,0.221,6.0,11.2,8.6,12.9,2.7,0.2,17.4,13.6,0.1,0.6,0.7,0.069,-2.3,2.0,-0.3,0.2
Aaron McKie,57,8.1,0.383,0.166,0.116,2.9,11.1,7.0,15.8,3.1,0.7,15.2,11.5,-0.8,1.4,0.7,0.024,-4.0,2.0,-1.9,0.0
Nate McMillan,18,12.7,0.46,0.507,0.015,5.7,11.4,8.6,28.6,2.7,1.1,15.1,13.2,0.4,0.3,0.8,0.131,0.4,1.9,2.3,0.3
Ron Mercer,80,14.1,0.491,0.024,0.196,4.4,8.3,6.2,11.6,2.4,0.5,9.6,22.3,2.2,1.9,4.0,0.073,-0.7,-0.7,-1.4,0.4
Marko Milič,33,18.4,0.644,0.094,0.266,7.3,10.5,9.0,13.5,3.2,0.0,22.7,25.7,0.1,0.2,0.3,0.102,-0.4,-0.1,-0.5,0.1
Anthony Miller,37,16.4,0.571,0.0,0.75,16.1,19.9,18.1,2.2,3.6,0.9,16.8,16.9,0.3,0.4,0.8,0.159,-1.8,0.1,-1.8,0.0
Oliver Miller,64,12.8,0.485,0.011,0.274,9.7,18.2,13.8,18.8,1.8,3.0,24.1,14.7,-0.1,0.9,0.9,0.026,-1.9,0.1,-1.8,0.1
Reggie Miller,81,19.8,0.619,0.353,0.407,2.1,7.6,5.0,11.1,1.5,0.3,9.1,23.9,9.2,2.8,12.0,0.206,4.8,0.1,4.8,4.8
Chris Mills,80,12.7,0.512,0.203,0.28,6.6,15.9,11.2,10.4,1.1,1.1,12.4,18.6,1.9,3.3,5.1,0.113,-1.0,0.6,-0.4,0.9
Terry Mills,50,7.7,0.481,0.393,0.16,5.3,17.1,11.4,8.1,1.3,0.8,16.9,15.8,-0.2,1.1,0.9,0.057,-4.1,0.3,-3.8,-0.4
Greg Minor,69,11.8,0.481,0.097,0.268,5.3,10.9,7.8,12.2,2.4,0.8,10.7,15.4,0.8,0.9,1.7,0.074,-1.6,0.1,-1.5,0.1
Sam Mitchell,81,15.8,0.539,0.054,0.365,6.0,13.4,9.8,7.6,1.5,0.7,6.6,19.7,4.7,1.4,6.1,0.131,0.4,-0.9,-0.5,0.8
Eric Montross,20,6.7,0.397,0.0,0.25,9.5,22.0,15.7,3.3,1.1,2.6,15.1,13.2,-0.3,0.4,0.1,0.015,-5.7,-0.5,-6.2,-0.4
Eric Montross,28,9.4,0.46,0.0,0.309,13.7,22.4,18.0,1.8,0.9,3.2,15.3,12.0,0.1,0.5,0.6,0.082,-4.6,-0.1,-4.7,-0.2
Chris Morris,54,14.7,0.498,0.3,0.295,8.7,17.1,13.2,7.5,2.5,2.4,12.4,23.0,0.3,0.7,1.0,0.092,-0.8,-0.4,-1.2,0.1
Lawrence Moten,8,-0.2,0.305,0.077,0.308,4.1,0.0,2.1,16.7,0.0,0.0,6.3,25.9,-0.1,0.0,-0.1,-0.134,-10.8,-3.9,-14.7,-0.1
Alonzo Mourning,58,22.4,0.595,0.0,0.635,12.1,21.4,16.9,5.2,1.1,4.9,16.0,26.8,3.9,3.6,7.5,0.185,1.8,0.7,2.5,2.2
Chris Mullin,82,16.9,0.607,0.351,0.237,2.2,11.1,6.9,14.6,2.4,1.3,13.3,19.3,4.4,3.2,7.6,0.168,2.4,1.9,4.3,3.5
Eric Murdock,82,15.7,0.52,0.217,0.372,3.4,9.5,6.6,26.4,4.0,0.7,17.6,19.8,1.7,2.4,4.1,0.139,-0.7,2.9,2.2,1.5
Lamond Murray,79,17.8,0.548,0.155,0.299,7.5,13.9,10.7,9.9,2.4,1.4,13.3,22.1,3.7,1.2,4.9,0.092,1.4,-0.8,0.5,1.6
Tracy Murray,82,17.3,0.563,0.4,0.208,3.7,10.7,7.1,6.5,1.6,0.8,8.5,24.0,4.6,1.9,6.5,0.139,2.8,-0.8,2.0,2.3
Dikembe Mutombo,82,19.8,0.584,0.0,0.608,11.5,25.6,18.8,4.8,0.6,6.6,15.1,17.6,5.6,5.2,10.8,0.177,1.2,1.4,2.6,3.4
Martin Müürsepp,41,14.9,0.528,0.199,0.351,8.3,12.8,10.5,8.5,2.6,1.6,11.6,18.9,0.8,0.6,1.4,0.111,-1.5,0.0,-1.6,0.1
Pete Myers,9,16.3,0.554,0.0,0.6,14.9,15.1,15.0,12.6,5.4,0.0,24.0,19.5,0.0,0.1,0.1,0.149,-2.1,5.1,3.0,0.0
Steve Nash,76,15.6,0.556,0.334,0.147,2.3,8.8,5.6,25.2,2.0,0.2,13.6,19.6,2.9,1.8,4.8,0.137,1.1,0.3,1.4,1.4
Ivano Newbill,28,7.6,0.413,0.018,0.526,11.1,20.7,15.9,5.3,2.1,0.8,19.5,15.6,-0.3,0.1,-0.1,-0.022,-5.4,-1.5,-6.9,-0.3
Johnny Newman,74,14.9,0.547,0.131,0.557,2.6,5.1,3.8,12.2,1.9,0.8,12.9,23.9,3.2,-0.4,2.7,0.06,-0.4,-2.2,-2.6,-0.3
Jeff Nordgaard,13,11.6,0.41,0.0,0.5,10.1,25.7,17.8,10.0,2.2,0.0,12.0,23.7,0.0,0.1,0.0,0.043,-3.2,-0.5,-3.7,0.0
Charles O'Bannon,30,10.5,0.423,0.043,0.217,7.1,9.7,8.4,12.0,2.1,0.3,10.6,16.8,0.0,0.2,0.2,0.048,-2.2,0.1,-2.1,0.0
Jermaine O'Neal,60,12.7,0.498,0.009,0.385,11.9,16.8,14.5,3.6,1.0,5.2,16.9,18.2,-0.1,1.3,1.2,0.073,-3.6,0.5,-3.0,-0.2
Shaquille O'Neal,60,28.8,0.587,0.0,0.594,11.1,24.0,17.7,13.5,0.9,4.6,10.8,32.9,6.7,3.4,10.2,0.224,5.7,0.2,5.8,4.3
Charles Oakley,79,13.1,0.475,0.009,0.163,9.5,22.3,15.9,12.1,2.4,0.6,14.4,15.0,1.4,5.6,7.0,0.122,-1.3,2.3,1.0,2.1
Hakeem Olajuwon,47,20.8,0.531,0.005,0.335,8.5,24.6,16.7,15.8,2.7,4.1,14.8,23.7,2.0,2.5,4.5,0.131,1.0,2.0,3.0,2.1
Brian Oliver,5,6.3,0.361,0.0,0.211,6.0,11.2,8.7,5.4,0.9,0.0,4.6,16.5,-0.1,0.0,0.0,-0.012,-5.9,-2.5,-8.3,-0.1
Jimmy Oliver,1,19.7,0.625,0.5,0.0,0.0,23.5,11.4,17.3,0.0,0.0,0.0,17.8,0.0,0.0,0.0,0.228,5.8,1.9,7.7,0.0
Kevin Ollie,16,7.9,0.434,0.0,0.595,3.1,8.0,5.5,22.7,1.5,0.0,23.2,14.8,-0.1,0.1,-0.1,-0.017,-4.5,-0.9,-5.4,-0.2
Kevin Ollie,19,9.9,0.508,0.018,0.804,1.6,8.4,4.9,25.8,1.8,0.0,27.0,22.0,-0.2,0.2,0.0,-0.011,-3.0,-0.3,-3.3,-0.1
Greg Ostertag,63,12.5,0.494,0.0,0.586,13.8,21.8,18.1,2.9,1.2,7.7,19.8,13.5,0.1,2.1,2.2,0.084,-2.4,1.3,-1.1,0.3
Bo Outlaw,82,15.5,0.575,0.007,0.576,9.9,15.6,12.7,12.3,2.0,4.4,20.5,13.3,3.1,4.5,7.6,0.124,-0.2,2.7,2.5,3.4
Doug Overton,23,5.2,0.443,0.048,0.254,0.8,5.0,2.9,21.2,1.5,0.3,24.7,15.1,-0.3,0.1,-0.2,-0.035,-5.8,-1.1,-6.9,-0.3
Billy Owens,78,14.4,0.502,0.096,0.271,7.9,20.0,13.8,15.4,2.1,1.1,15.8,18.3,0.9,2.8,3.7,0.075,-0.8,0.6,-0.3,1.0
Robert Pack,12,9.0,0.413,0.061,0.367,3.0,10.1,6.5,23.5,3.7,0.2,25.0,23.8,-0.9,0.3,-0.6,-0.093,-4.7,-0.1,-4.9,-0.2
Anthony Parker,37,14.0,0.501,0.444,0.317,4.7,10.6,7.6,16.4,3.0,1.1,13.3,19.0,0.2,0.2,0.4,0.088,0.0,1.0,1.0,0.1
Cherokee Parks,79,13.6,0.533,0.002,0.376,9.4,19.6,14.6,4.7,1.1,3.6,11.2,15.4,2.0,1.8,3.8,0.108,-2.1,-0.2,-2.3,-0.1
Gary Payton,82,21.6,0.544,0.311,0.293,3.0,11.2,7.1,36.7,3.1,0.4,13.7,24.6,8.5,4.0,12.5,0.19,4.4,0.7,5.1,5.7
Anthony Peeler,8,15.2,0.529,0.264,0.083,3.4,7.9,5.7,19.5,2.3,0.0,7.4,17.8,0.4,0.0,0.4,0.087,0.6,0.8,1.5,0.2
Anthony Peeler,30,15.0,0.533,0.305,0.118,3.6,8.2,5.9,18.1,2.7,0.4,10.9,18.4,1.4,0.7,2.1,0.102,0.6,0.5,1.1,0.8
Will Perdue,79,14.8,0.557,0.003,0.451,14.6,26.1,20.7,6.1,0.8,2.4,18.6,13.7,1.5,3.2,4.7,0.151,-0.5,0.7,0.2,0.8
Sam Perkins,81,13.6,0.55,0.471,0.272,3.9,14.2,9.1,10.3,2.0,1.3,10.5,16.3,2.6,2.0,4.5,0.129,0.9,0.5,1.4,1.4
Elliot Perry,81,11.5,0.485,0.089,0.194,1.4,6.1,3.8,22.1,2.7,0.1,17.4,19.2,0.0,1.3,1.3,0.035,-2.3,0.0,-2.2,-0.1
Chuck Person,61,8.3,0.494,0.693,0.093,1.4,13.9,8.1,9.3,1.1,0.5,13.9,15.5,-0.1,2.1,2.1,0.068,-2.1,0.5,-1.6,0.1
Wesley Person,82,15.1,0.583,0.467,0.178,2.5,11.3,7.0,10.3,2.2,1.2,9.6,16.5,5.3,5.0,10.3,0.155,2.4,1.4,3.8,4.7
Bobby Phills,62,12.5,0.523,0.207,0.254,3.8,10.0,6.9,16.0,2.3,0.7,15.0,17.7,1.5,1.7,3.2,0.081,-0.9,0.4,-0.5,0.7
Eric Piatkowski,67,15.5,0.591,0.456,0.299,4.5,11.0,7.7,8.2,1.5,0.5,11.1,18.4,3.8,0.1,3.9,0.108,1.8,-1.7,0.2,0.9
Ricky Pierce,39,9.8,0.455,0.091,0.364,5.2,7.2,6.2,12.5,1.1,0.0,11.2,19.3,0.1,0.2,0.3,0.033,-1.5,-1.3,-2.8,-0.1
Scottie Pippen,44,20.4,0.533,0.273,0.274,3.7,12.1,7.9,26.5,2.6,1.9,12.1,24.4,3.7,3.0,6.6,0.193,3.3,1.6,5.0,2.9
Scot Pollard,33,13.3,0.555,0.0,0.329,12.7,15.1,13.9,4.7,1.4,2.4,13.0,13.5,0.5,0.4,0.9,0.141,-1.5,-0.4,-2.0,0.0
Olden Polynice,70,14.7,0.464,0.002,0.212,12.9,20.8,16.8,12.7,1.3,2.1,14.2,21.1,-0.1,1.6,1.5,0.049,-1.6,-0.9,-2.5,-0.2
Mark Pope,28,3.4,0.402,0.073,0.415,5.9,10.1,8.1,5.5,0.8,2.2,17.1,14.4,-0.2,0.2,0.0,-0.003,-7.1,-0.4,-7.6,-0.3
Terry Porter,82,17.3,0.586,0.404,0.338,2.4,8.2,5.3,23.5,1.8,0.6,13.6,19.1,4.3,0.9,5.2,0.139,2.9,-0.4,2.4,2.0
Vitaly Potapenko,80,11.0,0.517,0.002,0.295,9.7,17.4,13.6,7.4,1.0,1.5,19.3,22.4,-0.7,2.2,1.5,0.052,-3.7,-0.4,-4.1,-0.8
Brent Price,72,10.9,0.575,0.603,0.316,3.3,6.1,4.8,22.3,2.1,0.2,23.9,15.8,1.2,0.4,1.6,0.059,-1.1,-0.9,-2.0,0.0
Mark Price,63,14.9,0.518,0.292,0.194,1.9,8.8,5.3,38.6,2.0,0.3,21.9,23.7,0.5,1.3,1.7,0.058,0.8,-1.2,-0.4,0.6
Theo Ratliff,24,13.0,0.566,0.0,0.568,9.3,15.3,12.3,4.1,1.1,7.1,19.7,13.7,0.4,0.9,1.4,0.111,-2.5,2.8,0.3,0.3
Theo Ratliff,58,17.2,0.56,0.0,0.449,10.7,15.6,13.2,3.9,1.1,8.1,12.4,16.0,2.9,2.5,5.4,0.139,-0.4,1.5,1.1,1.4
Eldridge Recasner,59,13.0,0.563,0.327,0.175,2.7,8.6,5.7,13.8,1.5,0.0,15.8,18.4,1.9,1.0,2.9,0.095,0.5,-1.0,-0.4,0.6
Bryant Reeves,74,17.3,0.559,0.004,0.336,9.0,17.7,13.3,10.9,0.8,2.2,12.6,21.8,4.3,0.6,4.9,0.093,0.5,-1.6,-1.1,0.5
Khalid Reeves,82,13.1,0.522,0.256,0.359,3.0,7.6,5.3,19.8,2.2,0.4,15.9,19.2,1.5,1.0,2.5,0.062,-1.5,-0.4,-1.9,0.0
Don Reid,68,11.4,0.574,0.0,0.403,9.2,11.8,10.5,4.2,1.4,4.2,11.9,11.0,1.5,1.3,2.8,0.135,-2.5,1.5,-1.1,0.2
J.R. Reid,79,11.3,0.517,0.025,0.384,7.9,14.9,11.4,7.4,1.7,1.3,14.9,18.2,0.6,1.1,1.8,0.076,-3.0,-0.4,-3.3,-0.4
Shawn Respert,47,12.9,0.552,0.321,0.258,4.7,7.2,5.9,10.4,2.2,0.1,12.4,16.7,1.0,0.0,0.9,0.064,-0.5,-1.9,-2.4,-0.1
Shawn Respert,10,10.3,0.471,0.31,0.083,3.5,10.6,7.0,14.2,1.2,0.0,14.7,21.7,-0.2,0.1,-0.1,-0.017,-3.1,-2.6,-5.8,-0.2
Rodrick Rhodes,58,7.7,0.439,0.026,0.59,3.1,4.6,3.9,16.1,3.1,0.7,20.2,20.4,-1.5,0.6,-0.9,-0.04,-5.1,-0.4,-5.4,-0.9
Glen Rice,82,17.4,0.568,0.216,0.364,3.3,9.6,6.5,9.9,1.3,0.5,10.2,25.1,7.4,2.0,9.3,0.136,2.4,-1.6,0.9,2.4
Pooh Richardson,69,10.3,0.411,0.171,0.129,1.5,7.2,4.4,28.1,1.8,0.2,13.3,14.4,0.3,-0.1,0.2,0.006,-2.3,-1.6,-3.9,-0.6
Mitch Richmond,70,20.4,0.569,0.274,0.386,2.1,7.9,5.0,20.2,1.8,0.4,11.3,27.8,6.6,1.3,7.9,0.148,4.4,-0.8,3.6,3.6
Isaiah Rider,74,15.2,0.514,0.323,0.205,4.3,10.0,7.2,15.7,1.1,0.5,11.6,26.1,3.2,2.5,5.8,0.099,1.3,-1.2,0.1,1.5
Eric Riley,39,11.2,0.461,0.007,0.267,8.6,18.8,13.6,6.5,1.5,5.9,19.7,15.8,-0.4,0.7,0.3,0.029,-5.5,1.0,-4.4,-0.3
Stanley Roberts,74,11.9,0.503,0.0,0.404,9.4,21.5,15.5,3.1,0.9,3.8,13.3,17.5,0.3,1.5,1.8,0.064,-3.8,-0.3,-4.1,-0.7
Chris Robinson,16,4.7,0.423,0.381,0.032,0.0,10.4,5.2,11.7,2.6,0.5,19.0,24.5,-0.4,0.0,-0.4,-0.13,-7.2,-2.2,-9.5,-0.3
Chris Robinson,19,11.4,0.461,0.378,0.126,3.6,10.1,6.8,18.0,2.3,0.8,13.3,22.2,-0.1,0.2,0.1,0.017,-2.0,-0.8,-2.8,-0.1
Clifford Robinson,80,17.4,0.538,0.094,0.402,7.7,12.5,10.1,11.9,2.0,2.8,11.7,22.9,3.6,3.5,7.1,0.144,0.4,0.7,1.1,1.8
David Robinson,73,27.8,0.581,0.004,0.62,12.0,23.7,18.2,15.9,1.4,5.5,13.0,29.7,7.8,6.0,13.8,0.269,5.3,2.9,8.3,6.3
Glenn Robinson,56,16.8,0.522,0.057,0.234,4.3,12.1,8.2,13.8,1.6,1.1,13.8,28.9,1.3,1.8,3.1,0.065,1.2,-1.2,0.0,1.1
James Robinson,70,12.4,0.494,0.449,0.214,3.4,6.9,5.1,18.8,1.6,0.5,15.0,23.3,0.3,-0.1,0.2,0.007,-0.4,-2.6,-3.0,-0.3
Larry Robinson,6,15.8,0.428,0.316,0.105,5.6,28.0,16.8,4.0,5.1,0.0,9.1,23.7,0.0,0.1,0.0,0.033,-0.8,-1.6,-2.4,0.0
Dennis Rodman,80,12.4,0.459,0.064,0.308,16.8,31.4,24.1,11.2,0.9,0.5,26.4,8.7,1.9,5.9,7.8,0.131,-0.7,0.4,-0.3,1.3
Carlos Rogers,18,13.1,0.534,0.011,0.368,10.5,10.3,10.4,7.4,1.3,1.6,11.4,14.3,0.5,0.0,0.5,0.064,-0.9,-1.7,-2.6,-0.1
Carlos Rogers,3,8.1,0.5,0.25,0.0,4.8,4.5,4.7,12.4,2.1,0.0,20.0,9.1,0.0,0.0,0.0,0.057,-2.0,-1.1,-3.1,0.0
Rodney Rogers,76,15.8,0.532,0.227,0.351,7.0,12.4,9.7,14.2,1.9,1.0,15.2,22.6,2.6,0.7,3.3,0.063,0.6,-1.5,-0.9,0.7
Roy Rogers,9,8.2,0.394,0.0,0.25,0.0,17.4,8.0,4.0,2.8,8.5,10.1,11.5,0.0,0.1,0.0,0.036,-5.2,3.4,-1.8,0.0
Roy Rogers,6,3.9,0.346,0.0,0.235,12.5,6.8,9.7,2.2,0.8,4.0,17.6,14.5,-0.1,0.0,-0.1,-0.091,-7.2,-5.4,-12.6,-0.2
Sean Rooks,41,13.4,0.512,0.0,0.782,12.6,18.7,15.7,8.2,0.2,3.7,12.3,16.0,0.7,0.5,1.1,0.13,-2.3,-0.7,-3.0,-0.1
Jalen Rose,82,14.1,0.545,0.12,0.376,2.1,11.2,6.9,16.0,1.8,0.6,15.7,23.4,1.1,2.2,3.3,0.092,-0.9,0.4,-0.6,0.6
Malik Rose,53,10.1,0.485,0.022,0.449,11.5,12.6,12.1,7.5,2.7,1.2,21.3,22.6,-0.4,0.8,0.4,0.044,-5.3,0.6,-4.8,-0.3
Donald Royal,2,-1.6,0.322,0.0,0.667,12.8,13.4,13.1,8.6,3.1,0.0,27.9,27.4,-0.1,0.0,-0.1,-0.199,-13.6,-2.0,-15.6,-0.1
Donald Royal,29,8.9,0.488,0.0,0.46,6.4,8.2,7.3,7.8,1.1,0.2,8.5,12.6,0.4,0.1,0.5,0.08,-2.3,-1.1,-3.3,-0.1
Clifford Rozier,6,-1.7,0.466,0.0,0.167,11.5,11.2,11.4,0.0,0.0,0.0,38.3,15.5,-0.1,0.0,-0.1,-0.14,-11.7,-3.9,-15.5,-0.1
Bryon Russell,82,12.9,0.57,0.408,0.53,4.7,13.0,9.1,7.0,2.2,1.0,11.1,15.2,3.8,2.2,6.0,0.13,0.3,0.4,0.8,1.6
Arvydas Sabonis,73,20.9,0.581,0.139,0.49,7.7,27.9,18.2,16.9,1.5,2.5,15.9,23.2,5.1,4.6,9.7,0.2,2.2,2.2,4.4,3.8
Kevin Salvadori,16,2.1,0.16,0.0,0.462,6.3,19.7,12.8,4.7,0.0,8.6,24.2,10.5,-0.3,0.1,-0.2,-0.099,-9.3,1.0,-8.3,-0.1
Danny Schayes,74,10.9,0.479,0.0,0.321,8.8,13.7,11.2,6.0,1.5,1.9,12.6,17.5,0.6,1.4,2.0,0.076,-3.6,0.3,-3.3,-0.4
Detlef Schrempf,78,18.7,0.585,0.164,0.392,6.0,17.9,12.1,20.3,1.2,0.5,13.8,20.6,7.5,2.9,10.4,0.182,3.0,-0.1,2.9,3.4
Dennis Scott,52,12.2,0.492,0.41,0.177,2.4,10.0,6.1,12.4,1.3,1.2,11.4,20.6,0.5,0.8,1.3,0.036,-0.2,-1.1,-1.3,0.3
Dennis Scott,29,11.9,0.541,0.426,0.074,1.9,9.7,5.9,7.6,1.1,1.0,6.7,16.5,0.6,0.5,1.0,0.101,0.1,-0.7,-0.6,0.2
Shawnelle Scott,41,10.6,0.501,0.0,0.5,13.3,25.1,19.3,6.8,1.7,3.2,18.5,13.2,0.1,0.4,0.5,0.132,-4.5,2.0,-2.5,0.0
Shea Seals,4,4.9,0.205,0.375,0.5,38.7,12.3,25.1,0.0,5.7,0.0,0.0,47.8,-0.1,0.0,-0.1,-0.27,-10.2,-7.2,-17.5,0.0
Malik Sealy,77,12.8,0.505,0.081,0.36,3.5,12.5,7.9,10.4,2.2,0.9,11.9,18.8,1.2,2.0,3.2,0.093,-1.5,0.9,-0.6,0.6
Rony Seikaly,47,15.8,0.524,0.004,0.567,10.1,18.4,14.2,8.6,0.9,1.9,16.6,24.9,1.0,1.7,2.8,0.09,-0.6,-0.9,-1.5,0.2
Rony Seikaly,9,6.8,0.397,0.0,0.659,11.4,16.3,13.7,7.7,1.0,1.9,18.5,18.6,-0.2,0.1,-0.1,-0.019,-5.4,-0.7,-6.1,-0.2
God Shammgod,20,9.2,0.428,0.034,0.517,1.5,4.0,2.7,38.1,2.5,0.5,22.8,28.1,-0.3,0.1,-0.1,-0.049,-4.5,-1.8,-6.2,-0.2
Brian Shaw,39,8.7,0.39,0.218,0.107,2.0,14.0,7.8,27.3,1.8,0.9,18.9,16.8,-1.3,1.0,-0.3,-0.014,-4.1,0.5,-3.7,-0.4
Brian Shaw,20,10.0,0.411,0.201,0.137,3.9,10.9,7.3,28.4,1.5,0.4,14.0,15.3,0.0,0.3,0.4,0.035,-2.4,-0.1,-2.5,-0.1
Dickey Simpkins,19,9.0,0.454,0.021,0.542,10.1,15.1,12.5,13.5,1.3,0.7,24.2,17.5,-0.3,0.2,-0.1,-0.027,-3.9,-0.6,-4.5,-0.1
Dickey Simpkins,21,11.9,0.646,0.024,1.073,3.8,11.2,7.5,10.8,0.9,0.9,17.7,13.9,0.4,0.3,0.7,0.146,-2.5,0.7,-1.8,0.0
Reggie Slater,78,12.4,0.52,0.0,0.702,8.7,12.0,10.3,7.2,1.4,1.2,14.5,18.5,1.3,0.1,1.5,0.042,-2.2,-2.5,-4.6,-1.1
Charles Smith,11,-0.5,0.265,0.167,0.111,18.9,10.7,14.7,10.5,3.4,2.3,24.1,36.3,-0.3,0.1,-0.2,-0.323,-11.5,-4.7,-16.2,-0.1
Charles Smith,23,11.1,0.491,0.411,0.084,3.5,4.9,4.2,12.9,2.0,1.3,15.9,22.5,-0.1,0.0,-0.1,-0.024,-1.5,-2.2,-3.7,-0.1
Joe Smith,49,15.1,0.474,0.009,0.26,8.9,13.2,11.0,8.0,1.4,1.6,10.6,26.4,0.4,1.4,1.8,0.053,-0.8,-1.1,-2.0,0.0
Joe Smith,30,12.9,0.503,0.004,0.315,9.5,12.4,10.9,7.1,1.4,1.4,14.5,23.1,0.2,0.5,0.8,0.052,-2.2,-1.3,-3.5,-0.3
Michael Smith,18,12.9,0.465,0.0,0.492,11.0,21.4,16.0,12.4,2.3,1.8,16.8,11.4,0.2,0.5,0.7,0.092,-1.5,1.2,-0.3,0.2
Michael Smith,30,15.0,0.551,0.008,0.549,13.9,19.7,16.8,12.6,1.9,0.6,17.9,12.7,1.1,0.3,1.4,0.099,0.6,-0.9,-0.3,0.3
Steve Smith,73,18.8,0.563,0.251,0.413,5.7,7.0,6.4,18.4,1.4,0.7,11.9,23.9,8.4,1.8,10.2,0.171,3.9,-0.9,3.0,3.6
Tony Smith,7,6.4,0.369,0.167,0.167,6.0,4.6,5.3,19.8,3.3,1.8,25.9,19.8,-0.2,0.1,-0.1,-0.088,-4.3,1.0,-3.3,0.0
Rik Smits,73,19.9,0.532,0.003,0.231,7.7,20.8,14.6,9.9,1.0,3.0,10.5,29.2,2.5,3.6,6.1,0.141,0.6,0.3,0.9,1.6
Eric Snow,17,2.2,0.456,0.043,0.435,0.0,6.3,3.2,27.6,0.0,1.0,30.5,24.7,-0.2,0.0,-0.2,-0.132,-9.0,-4.1,-13.0,-0.2
Eric Snow,47,12.5,0.49,0.099,0.379,2.6,8.0,5.2,30.5,3.8,0.4,21.4,12.7,0.6,0.9,1.5,0.085,-2.3,2.1,-0.2,0.4
Felton Spencer,68,8.5,0.495,0.0,0.612,11.9,18.0,14.8,3.2,1.5,3.1,23.0,11.4,-0.2,1.0,0.9,0.052,-6.5,0.7,-5.9,-0.8
Latrell Sprewell,14,15.1,0.47,0.173,0.339,1.3,8.8,5.0,24.1,1.8,0.6,12.1,28.9,0.0,0.4,0.4,0.033,0.5,-0.5,0.0,0.3
Jerry Stackhouse,22,14.9,0.539,0.163,0.357,4.3,7.4,5.8,16.4,2.2,2.1,18.4,24.1,0.3,0.6,0.9,0.056,0.2,-0.5,-0.3,0.3
Jerry Stackhouse,57,16.8,0.53,0.215,0.504,5.1,7.5,6.3,17.5,1.8,1.6,15.1,25.8,2.2,1.7,3.8,0.103,1.6,-0.7,0.9,1.3
John Starks,82,14.3,0.504,0.42,0.248,2.6,10.0,6.3,18.1,1.9,0.2,12.0,25.6,1.5,3.1,4.6,0.101,0.4,0.3,0.7,1.5
Joe Stephens,7,17.7,0.441,0.357,0.214,9.7,9.5,9.6,5.7,2.9,0.0,6.1,40.0,0.0,0.0,0.0,-0.01,3.4,-3.7,-0.2,0.0
Kebu Stewart,15,14.0,0.541,0.0,0.962,9.3,23.2,16.2,3.0,2.4,1.3,17.8,18.4,0.1,0.2,0.2,0.098,-1.6,0.1,-1.4,0.0
Michael Stewart,81,12.9,0.486,0.0,0.44,12.2,21.9,16.9,5.2,0.9,7.5,18.1,11.9,0.4,2.6,3.0,0.081,-3.3,1.9,-1.5,0.2
Bryant Stith,31,9.2,0.447,0.213,0.382,2.4,8.4,5.3,12.1,1.6,0.8,11.8,18.9,-0.2,-0.1,-0.3,-0.018,-2.8,-1.6,-4.4,-0.4
John Stockton,64,21.8,0.628,0.178,0.452,2.5,8.2,5.6,47.8,2.6,0.4,20.8,19.3,6.4,1.6,8.0,0.206,5.5,0.2,5.6,3.6
Ed Stokes,4,6.4,0.387,0.0,0.667,6.3,20.6,13.2,8.6,3.0,8.1,34.0,15.2,-0.1,0.0,0.0,-0.077,-9.8,2.2,-7.6,0.0
Damon Stoudamire,49,17.7,0.514,0.246,0.255,3.3,8.8,6.0,34.4,2.0,0.2,14.7,23.4,3.2,-0.1,3.2,0.074,2.4,-2.3,0.1,1.1
Damon Stoudamire,22,14.5,0.469,0.384,0.291,3.6,7.9,5.8,36.8,2.2,0.2,18.0,19.9,0.7,0.9,1.5,0.091,1.0,-0.7,0.3,0.5
Erick Strickland,67,9.3,0.429,0.292,0.151,2.5,9.5,6.0,18.8,2.0,0.4,15.1,21.3,-1.7,0.8,-0.9,-0.028,-3.8,-1.2,-5.0,-1.1
Mark Strickland,51,17.4,0.572,0.004,0.305,11.4,17.8,14.7,5.6,1.2,2.9,13.3,19.4,1.5,1.3,2.8,0.157,0.1,0.2,0.2,0.5
Rod Strickland,76,19.6,0.501,0.042,0.435,4.1,11.4,7.6,43.1,2.2,0.6,16.5,23.7,5.1,3.0,8.1,0.129,2.8,0.1,2.9,3.7
Derek Strong,58,16.6,0.497,0.006,0.452,10.7,20.2,15.3,5.8,1.0,1.1,9.1,22.8,2.5,2.0,4.4,0.13,0.1,-1.2,-1.1,0.4
Bob Sura,46,9.6,0.463,0.26,0.567,3.3,8.9,6.1,29.4,2.5,0.6,24.4,18.7,-0.7,1.4,0.7,0.036,-2.9,1.0,-1.9,0.0
Žan Tabak,39,9.9,0.459,0.004,0.193,8.5,14.7,11.5,8.1,1.0,2.5,14.0,18.3,-0.4,0.1,-0.2,-0.013,-4.5,-1.8,-6.3,-0.8
Žan Tabak,18,9.2,0.486,0.0,0.236,11.7,18.3,14.7,7.9,1.1,3.7,21.9,14.5,-0.1,0.2,0.2,0.036,-5.1,0.3,-4.7,-0.2
Johnny Taylor,12,4.4,0.431,0.054,0.432,4.3,10.0,7.1,1.6,1.5,1.3,15.4,22.1,-0.2,0.1,-0.1,-0.032,-8.0,-1.6,-9.6,-0.2
Maurice Taylor,71,16.1,0.521,0.001,0.361,8.8,13.5,11.1,6.6,1.2,1.8,12.0,26.1,1.5,0.3,1.8,0.057,-1.5,-2.4,-3.8,-0.7
Carl Thomas,10,11.0,0.447,0.323,0.154,3.0,4.7,3.8,12.0,1.9,0.5,8.0,23.7,0.0,0.1,0.1,0.019,-1.9,-0.7,-2.6,0.0
Carl Thomas,4,27.8,0.765,0.0,0.4,0.0,0.0,0.0,15.4,0.0,4.8,0.0,18.0,0.1,0.0,0.1,0.271,10.9,2.5,13.4,0.1
Carl Thomas,29,10.0,0.508,0.543,0.186,2.7,13.8,8.3,5.4,3.1,1.4,13.7,14.9,0.0,0.5,0.5,0.092,-2.1,2.2,0.1,0.1
John Thomas,33,10.2,0.571,0.0,0.413,9.4,13.3,11.2,5.4,2.7,1.9,25.9,15.0,0.0,0.4,0.4,0.054,-4.1,0.6,-3.5,-0.1
John Thomas,21,6.8,0.509,0.0,0.636,10.3,14.0,12.1,3.6,0.9,1.2,23.5,14.5,0.0,0.0,0.0,-0.009,-6.0,-3.0,-9.1,-0.3
Kurt Thomas,5,6.4,0.399,0.0,0.067,11.9,24.9,18.3,8.4,0.7,0.0,17.8,35.3,-0.3,0.1,-0.2,-0.161,-11.5,-5.3,-16.8,-0.3
Tim Thomas,77,14.9,0.538,0.25,0.338,6.9,11.8,9.3,9.3,1.6,0.7,13.1,22.8,2.1,1.3,3.4,0.091,0.7,-1.2,-0.5,0.7
Brooks Thompson,13,11.4,0.459,0.593,0.111,2.6,9.9,6.3,11.5,4.6,0.0,15.0,32.8,-0.1,0.1,0.0,-0.034,-4.0,0.8,-3.2,0.0
Brooks Thompson,17,11.2,0.529,0.483,0.172,0.0,10.0,5.0,32.3,2.7,0.6,26.1,16.4,0.0,0.2,0.2,0.084,-2.9,1.5,-1.4,0.0
Otis Thorpe,47,13.0,0.523,0.009,0.395,7.3,19.7,13.6,16.3,1.0,1.0,18.6,17.5,0.9,0.4,1.4,0.041,-1.4,-1.0,-2.4,-0.2
Otis Thorpe,27,14.4,0.498,0.005,0.361,8.9,21.0,14.8,16.1,1.5,0.8,14.1,18.7,0.5,0.7,1.1,0.088,-1.3,0.1,-1.2,0.1
Gary Trent,41,16.7,0.547,0.025,0.454,9.6,17.2,13.5,10.5,1.4,1.4,14.3,22.6,1.4,1.4,2.8,0.135,0.3,0.5,0.8,0.7
Gary Trent,13,14.9,0.474,0.021,0.336,13.1,20.0,16.4,7.0,1.2,1.6,11.6,23.4,0.1,0.1,0.3,0.039,-1.6,-3.5,-5.2,-0.3
Nick Van Exel,64,17.8,0.538,0.425,0.231,1.8,8.8,5.3,33.5,1.6,0.2,11.3,19.8,5.6,1.5,7.1,0.166,3.7,-1.0,2.6,2.4
Keith Van Horn,62,15.7,0.516,0.214,0.291,6.6,14.1,10.1,7.9,1.5,0.8,12.2,25.2,3.2,1.6,4.8,0.098,0.7,-1.6,-0.8,0.7
David Vaughn,22,10.8,0.442,0.009,0.298,11.0,23.2,16.9,9.7,1.6,1.3,19.4,21.7,-0.5,0.4,0.0,-0.002,-4.9,-0.6,-5.5,-0.3
David Vaughn,3,23.3,0.725,0.0,4.0,0.0,19.2,9.5,0.0,0.0,0.0,0.0,20.6,0.0,0.0,0.0,0.315,3.8,1.9,5.7,0.0
David Vaughn,15,12.1,0.595,0.0,0.273,12.8,23.0,17.6,1.9,1.6,1.8,19.6,12.4,0.2,0.2,0.4,0.114,-3.3,-0.5,-3.8,-0.1
Jacque Vaughn,45,6.9,0.457,0.066,0.557,1.3,9.5,5.6,30.8,1.2,0.2,26.9,23.0,-0.6,0.2,-0.4,-0.048,-5.1,-2.4,-7.6,-0.6
Loy Vaught,10,7.8,0.428,0.024,0.095,6.8,21.2,14.0,4.4,0.8,0.5,12.9,16.8,-0.2,0.1,-0.2,-0.029,-4.5,-2.6,-7.1,-0.3
Stojko Vranković,65,9.4,0.454,0.0,0.349,8.0,22.1,15.0,5.5,0.6,4.4,17.7,11.6,-0.2,0.6,0.4,0.02,-3.9,0.0,-3.9,-0.5
Antoine Walker,82,17.8,0.481,0.171,0.277,9.0,22.3,15.1,15.4,2.2,1.4,13.2,29.2,0.8,4.0,4.7,0.07,1.6,-1.0,0.6,2.2
Samaki Walker,41,14.4,0.502,0.003,0.302,10.2,22.8,16.4,4.1,1.6,2.7,14.4,18.9,0.1,1.3,1.4,0.067,-2.8,-0.6,-3.4,-0.4
Ben Wallace,67,13.4,0.495,0.0,0.598,11.0,22.2,16.4,2.3,2.8,4.6,11.9,9.3,0.8,2.2,2.9,0.125,-1.6,2.3,0.7,0.8
John Wallace,82,14.8,0.518,0.002,0.299,5.3,12.6,8.9,8.5,1.4,2.9,13.4,23.8,1.1,0.5,1.5,0.031,-1.1,-1.9,-3.0,-0.6
Rasheed Wallace,77,14.9,0.564,0.045,0.318,5.5,13.4,9.6,11.9,1.4,2.2,14.3,18.2,3.8,3.8,7.6,0.125,0.1,1.1,1.2,2.4
Rex Walters,19,9.7,0.576,0.483,0.586,2.7,5.5,4.1,26.2,2.1,0.0,31.8,18.9,0.0,0.1,0.1,0.022,-2.7,-0.9,-3.6,-0.1
Rex Walters,19,14.2,0.659,0.333,0.458,2.2,13.7,8.1,21.6,1.5,0.7,25.7,16.8,0.2,0.1,0.3,0.134,-0.4,1.1,0.7,0.1
Charlie Ward,82,15.6,0.567,0.417,0.219,1.7,12.6,7.1,32.4,3.4,1.2,23.6,15.0,2.6,4.5,7.1,0.148,0.7,3.4,4.1,3.6
Eric Washington,66,9.6,0.478,0.275,0.167,3.5,6.3,4.9,9.3,1.8,1.2,11.9,17.9,-0.1,-0.2,-0.3,-0.008,-2.3,-1.7,-4.1,-0.8
Clarence Weatherspoon,48,13.7,0.497,0.0,0.526,9.6,20.4,15.0,5.1,1.8,3.0,14.5,16.6,0.7,1.7,2.3,0.087,-1.4,-0.2,-1.6,0.1
Clarence Weatherspoon,31,14.4,0.513,0.0,0.372,8.9,18.0,13.3,8.0,2.1,1.5,13.4,15.7,0.9,1.3,2.2,0.101,-0.9,1.0,0.1,0.6
Spud Webb,4,3.2,0.466,0.083,0.167,6.8,3.5,5.2,26.7,1.6,0.0,35.2,26.8,-0.1,0.0,-0.1,-0.161,-9.1,-2.4,-11.4,-0.1
Chris Webber,71,20.9,0.523,0.153,0.248,6.9,20.8,13.7,17.8,2.1,3.1,11.1,26.5,3.9,4.4,8.3,0.142,2.9,1.7,4.6,4.7
Bubba Wells,39,11.1,0.474,0.052,0.371,6.1,13.2,9.6,14.3,2.0,0.7,18.7,19.2,-0.2,0.3,0.1,0.013,-3.1,-0.5,-3.5,-0.2
Bill Wennington,48,9.4,0.461,0.0,0.122,7.8,11.8,9.8,6.7,0.5,0.8,8.1,18.9,0.3,0.6,0.8,0.085,-4.9,-1.4,-6.2,-0.5
David Wesley,81,15.2,0.532,0.197,0.333,2.1,6.9,4.5,30.2,2.6,0.8,18.6,19.8,3.3,2.5,5.8,0.098,0.6,0.1,0.7,1.9
Doug West,38,5.6,0.416,0.012,0.234,3.8,9.6,6.8,9.4,0.8,0.5,10.0,13.5,-0.2,0.2,0.1,0.004,-5.0,-1.1,-6.0,-0.7
Mark West,15,5.1,0.486,0.0,0.286,7.2,9.8,8.6,3.0,1.0,2.7,25.3,14.3,-0.1,0.1,0.0,-0.002,-5.8,0.3,-5.5,-0.1
DeJuan Wheat,34,13.5,0.504,0.34,0.3,2.3,6.0,4.2,25.3,2.1,0.5,13.7,19.4,0.2,0.1,0.2,0.072,0.9,-0.9,0.0,0.1
Donald Whiteside,3,0.7,0.347,0.5,1.0,0.0,7.1,3.7,9.4,0.0,0.0,25.8,11.2,0.0,0.0,0.0,-0.12,-5.4,-2.3,-7.7,0.0
Chris Whitney,82,14.8,0.512,0.476,0.363,1.6,10.8,6.1,27.7,1.7,0.4,13.6,19.7,1.8,0.9,2.7,0.12,0.5,-0.2,0.3,0.6
Gerald Wilkins,72,5.4,0.398,0.251,0.226,1.5,7.1,4.2,10.6,1.5,0.3,14.2,20.4,-2.1,0.9,-1.2,-0.048,-5.4,-1.2,-6.6,-1.5
Aaron Williams,65,13.4,0.575,0.005,0.386,7.7,15.4,11.6,3.0,1.3,3.8,16.3,18.8,0.7,1.0,1.7,0.105,-3.1,-0.2,-3.3,-0.2
Alvin Williams,41,11.0,0.519,0.101,0.332,2.7,5.3,4.0,16.0,1.9,0.2,15.5,16.9,0.6,0.8,1.4,0.075,-2.1,0.3,-1.8,0.0
Alvin Williams,13,7.3,0.42,0.091,0.25,2.6,9.0,5.7,14.5,2.0,0.3,14.1,12.0,0.0,0.0,0.0,-0.009,-4.4,-1.4,-5.8,-0.2
Brandon Williams,9,2.9,0.357,0.18,0.08,3.0,8.6,5.7,3.6,2.2,1.5,14.8,18.9,-0.4,0.1,-0.3,-0.089,-8.1,-0.9,-9.1,-0.3
Buck Williams,41,12.3,0.56,0.0,0.477,12.6,17.2,14.9,4.6,1.3,1.6,17.4,13.9,0.9,1.2,2.1,0.135,-1.7,0.5,-1.2,0.2
Eric Williams,4,17.0,0.489,0.0,0.738,7.9,9.2,8.5,16.1,1.5,0.0,10.0,28.2,0.2,0.0,0.1,0.048,2.2,-2.5,-0.2,0.1
Herb Williams,27,6.1,0.398,0.0,0.186,4.0,15.6,9.8,3.6,1.8,3.9,9.7,13.6,-0.2,0.3,0.2,0.041,-6.7,2.6,-4.2,-0.1
Hot Rod Williams,71,11.5,0.525,0.0,0.46,9.6,17.5,13.7,5.1,1.3,3.3,10.7,9.2,1.7,2.1,3.7,0.135,-1.6,1.3,-0.2,0.6
Jayson Williams,65,18.7,0.541,0.006,0.454,20.5,23.2,21.8,4.5,1.0,1.5,10.9,16.1,6.1,2.3,8.4,0.172,2.3,-2.0,0.3,1.4
Jerome Williams,77,16.3,0.568,0.003,0.576,15.4,19.2,17.3,6.1,2.1,0.6,14.3,15.0,2.6,1.9,4.5,0.166,0.7,-0.1,0.6,0.9
Lorenzo Williams,14,14.1,0.727,0.0,0.118,15.9,10.6,13.3,4.1,0.9,1.9,10.1,8.0,0.3,0.1,0.4,0.169,-0.4,-0.3,-0.7,0.0
Micheal Williams,25,13.9,0.512,0.083,0.688,1.4,8.4,4.9,28.7,2.9,0.9,20.4,21.7,0.1,0.1,0.3,0.08,-2.4,0.5,-1.9,0.0
Monty Williams,72,11.3,0.505,0.005,0.495,6.3,9.2,7.9,11.2,1.4,1.3,15.5,18.9,0.5,1.9,2.3,0.086,-2.4,0.6,-1.8,0.1
Scott Williams,58,12.1,0.492,0.023,0.296,12.4,17.9,15.1,6.0,1.1,1.9,11.1,15.2,0.9,0.8,1.7,0.101,-2.6,-0.9,-3.5,-0.3
Travis Williams,39,13.7,0.488,0.008,0.387,17.7,12.8,15.2,9.2,2.6,1.0,17.7,21.4,0.1,0.4,0.5,0.065,-2.3,-0.9,-3.2,-0.1
Walt Williams,28,13.0,0.504,0.404,0.188,3.3,12.1,7.5,13.1,2.4,1.8,13.1,19.9,0.5,0.3,0.8,0.044,-0.6,-0.5,-1.1,0.2
Walt Williams,31,14.0,0.513,0.4,0.289,4.7,11.1,8.0,15.3,1.7,1.5,13.6,22.4,0.6,0.7,1.4,0.112,0.3,0.3,0.6,0.4
Corliss Williamson,79,16.0,0.527,0.008,0.391,6.3,11.5,8.8,14.8,1.4,1.2,13.0,24.1,2.6,1.8,4.4,0.076,0.4,-0.9,-0.4,1.1
Kevin Willis,81,18.3,0.555,0.007,0.293,11.0,20.7,15.9,5.8,1.1,1.1,12.6,24.1,4.3,1.7,6.0,0.114,0.3,-2.3,-1.9,0.0
David Wingate,58,8.6,0.491,0.05,0.207,4.2,12.9,8.6,10.4,2.1,0.4,19.5,16.1,-0.3,0.6,0.3,0.026,-3.8,-0.2,-3.9,-0.3
Dontonio Wingfield,3,-7.1,0.129,0.0,0.667,26.8,24.9,25.8,0.0,0.0,0.0,20.5,24.6,-0.1,0.0,-0.1,-0.299,-15.2,-7.8,-22.9,0.0
Joe Wolf,57,5.1,0.347,0.083,0.083,6.6,17.6,12.0,7.9,1.7,0.8,14.9,10.8,-0.7,0.2,-0.5,-0.037,-5.8,-0.8,-6.6,-0.7
Lorenzen Wright,69,13.6,0.49,0.004,0.395,9.8,23.7,16.7,4.3,1.4,2.8,11.3,15.4,1.5,1.5,3.1,0.071,-1.9,-0.7,-2.6,-0.3
Sharone Wright,7,10.7,0.508,0.0,0.286,2.5,21.2,11.5,15.5,0.0,0.0,11.3,17.7,0.0,0.0,0.0,0.036,-3.8,-2.6,-6.4,-0.1
George Zídek,6,12.7,0.444,0.0,0.8,10.9,26.0,18.2,4.1,0.0,3.6,12.9,25.2,0.0,0.0,0.0,0.008,-3.8,-4.3,-8.1,-0.1
George Zídek,6,2.3,0.349,0.143,0.286,0.0,21.3,10.9,7.1,0.0,0.0,6.0,35.3,-0.1,0.0,-0.1,-0.12,-13.2,-6.4,-19.6,-0.1
